tempC,precipMM,humidity,windspeedKmph,year,day,holidays,workday,rueckgaben,ausleihen,weekday,hour,weatherDesc2,month,ausleihenpredict,rueckgabenpredict,differenz_real,differenz_predicted,differenz_ausleihen_real_predict,differenz_rueckgaben_real_predict
24,0.0,83,11,2018,1,0,1,2,2,2,0,Overcast,8,1.2087096,1.8019577,0,-0.5932481000000001,0.7912904000000001,0.1980423
24,0.0,84,10,2018,1,0,1,0,0,2,1,Overcast,8,1.2877969,1.2950976,0,-0.007300700000000049,-1.2877969,-1.2950976
24,0.3,86,9,2018,1,0,1,2,1,2,2,Light rain shower,8,1.0608083,1.001227,-1,0.05958129999999984,-0.060808299999999926,0.9987729999999999
24,0.4,87,8,2018,1,0,1,0,0,2,3,Light rain shower,8,0.9210613,0.9618475,0,-0.040786199999999995,-0.9210613,-0.9618475
24,0.2,86,9,2018,1,0,1,0,2,2,4,Light rain shower,8,1.0167689,0.9655103,2,0.05125859999999993,0.9832311,-0.9655103
25,0.8,85,10,2018,1,0,1,3,1,2,5,Light rain shower,8,1.6025676,1.8313835,-2,-0.22881590000000007,-0.6025676,1.1686165
25,1.1,83,12,2018,1,0,1,4,4,2,6,Light rain shower,8,4.43134,11.37698,0,-6.94564,-0.4313399999999996,-7.37698
26,0.6,79,14,2018,1,0,1,12,9,2,7,Light rain shower,8,16.594818,30.387058,-3,-13.79224,-7.594818,-18.387058
27,0.8,74,16,2018,1,0,1,44,23,2,8,Light rain shower,8,30.080988,66.167046,-21,-36.086057999999994,-7.080988000000001,-22.167046
28,1.1,70,18,2018,1,0,1,29,18,2,9,Light rain shower,8,19.586365,39.59847,-11,-20.012105,-1.5863650000000007,-10.598469999999999
28,0.5,69,18,2018,1,0,1,13,12,2,10,Light rain shower,8,11.864949,15.453349,-1,-3.5884,0.1350510000000007,-2.4533489999999993
28,1.6,69,18,2018,1,0,1,12,18,2,11,Moderate or heavy rain shower,8,8.461045,8.790549,6,-0.329504,9.538955,3.2094509999999996
29,2.2,68,18,2018,1,0,1,12,7,2,12,Moderate or heavy rain shower,8,9.85124,10.795552,-5,-0.944312,-2.8512400000000007,1.2044479999999993
29,1.1,65,19,2018,1,0,1,19,10,2,13,Moderate or heavy rain shower,8,12.015923,13.084759,-9,-1.0688359999999992,-2.015923000000001,5.915241
30,0.4,61,19,2018,1,0,1,12,19,2,14,Light rain shower,8,14.031589,16.02269,7,-1.9911010000000005,4.968411,-4.022690000000001
31,0.6,58,19,2018,1,0,1,17,16,2,15,Light rain shower,8,15.147149,14.392846,-1,0.7543030000000002,0.8528509999999994,2.6071539999999995
30,0.3,60,19,2018,1,0,1,31,19,2,16,Light rain shower,8,14.3730135,13.462327,-12,0.9106865000000006,4.626986499999999,17.537672999999998
30,0.5,62,19,2018,1,0,1,53,95,2,17,Light rain shower,8,53.43203,33.430508,42,20.001521999999994,41.56797,19.569491999999997
29,0.6,65,19,2018,1,0,1,45,78,2,18,Light rain shower,8,60.62488,44.611183,33,16.013697,17.375120000000003,0.3888170000000031
28,0.3,68,20,2018,1,0,1,43,41,2,19,Light rain shower,8,44.30928,35.46423,-2,8.84505,-3.309280000000001,7.535769999999999
28,0.0,71,21,2018,1,0,1,30,29,2,20,Clear,8,35.390614,28.123386,-1,7.267227999999999,-6.390613999999999,1.876614
27,0.0,74,21,2018,1,0,1,21,23,2,21,Clear,8,17.655699,15.821604,2,1.8340949999999978,5.3443010000000015,5.178395999999999
27,0.0,75,19,2018,1,0,1,14,10,2,22,Clear,8,9.002489,7.9308186,-4,1.0716704000000004,0.9975109999999994,6.0691814
27,0.0,76,17,2018,1,0,1,7,11,2,23,Partly cloudy,8,5.0052547,8.265248,4,-3.2599932999999996,5.9947453,-1.2652479999999997
26,0.1,76,14,2018,2,0,1,3,1,3,0,Partly cloudy,8,2.5605335,3.5074267,-2,-0.9468931999999999,-1.5605335,-0.5074266999999999
26,0.0,78,15,2018,2,0,1,0,0,3,1,Partly cloudy,8,2.4924834,2.7626662,0,-0.27018280000000017,-2.4924834,-2.7626662
26,0.0,80,15,2018,2,0,1,1,0,3,2,Partly cloudy,8,1.1752837,1.2037401,-1,-0.02845640000000005,-1.1752837,-0.2037401000000001
25,0.0,81,15,2018,2,0,1,1,1,3,3,Partly cloudy,8,0.89118165,1.3885009,0,-0.4973192499999999,0.10881834999999995,-0.3885008999999999
25,0.0,80,14,2018,2,0,1,0,0,3,4,Partly cloudy,8,0.96080816,1.1761875,0,-0.21537933999999992,-0.96080816,-1.1761875
26,0.0,78,12,2018,2,0,1,3,1,3,5,Partly cloudy,8,1.2756424,2.6243875,-2,-1.3487451000000001,-0.27564239999999995,0.3756124999999999
26,0.0,77,10,2018,2,0,1,14,8,3,6,Partly cloudy,8,5.0860634,13.933847,-6,-8.8477836,2.9139366000000004,0.0661529999999999
27,0.0,72,11,2018,2,0,1,39,20,3,7,Partly cloudy,8,16.814577,33.209923,-19,-16.395346000000004,3.185423,5.790076999999997
28,0.2,67,12,2018,2,0,1,56,32,3,8,Patchy rain possible,8,27.603994,63.094387,-24,-35.490393,4.396006,-7.094386999999998
30,0.3,61,13,2018,2,0,1,36,21,3,9,Patchy rain possible,8,18.312794,38.801537,-15,-20.488743000000003,2.6872059999999998,-2.8015370000000033
30,0.2,60,13,2018,2,0,1,19,16,3,10,Patchy rain possible,8,10.100461,14.410924,-3,-4.310463,5.899539000000001,4.589076
30,0.9,59,14,2018,2,0,1,19,13,3,11,Moderate or heavy rain shower,8,10.592426,10.960262,-6,-0.3678360000000005,2.4075740000000003,8.039738
31,1.2,57,14,2018,2,0,1,23,18,3,12,Moderate or heavy rain shower,8,11.380578,13.381398,-5,-2.000820000000001,6.619422,9.618602
31,0.6,57,15,2018,2,0,1,19,18,3,13,Moderate or heavy rain shower,8,13.099192,14.618775,-1,-1.519582999999999,4.900808,4.381225000000001
31,0.9,56,17,2018,2,0,1,19,19,3,14,Moderate or heavy rain shower,8,14.0281515,14.077906,0,-0.04975450000000059,4.9718485,4.9220939999999995
31,1.2,56,18,2018,2,0,1,18,23,3,15,Moderate or heavy rain shower,8,14.641069,14.306879,5,0.33418999999999954,8.358931,3.6931209999999997
30,0.6,58,14,2018,2,0,1,19,16,3,16,Moderate or heavy rain shower,8,15.009254,14.880807,-3,0.12844699999999953,0.9907459999999997,4.119192999999999
30,1.2,61,9,2018,2,0,1,20,35,3,17,Moderate or heavy rain shower,8,44.265247,25.481026,15,18.784221000000002,-9.265247000000002,-5.481026
29,1.6,64,5,2018,2,0,1,45,70,3,18,Moderate or heavy rain shower,8,52.521824,37.417534,25,15.104289999999999,17.478175999999998,7.582465999999997
28,0.8,68,7,2018,2,0,1,39,63,3,19,Moderate or heavy rain shower,8,40.174572,31.235826,24,8.938745999999998,22.825428000000002,7.764174000000001
28,1.5,72,8,2018,2,0,1,24,31,3,20,Moderate or heavy rain shower,8,25.127632,19.736618,7,5.391013999999998,5.872368000000002,4.263382
27,2.0,76,9,2018,2,0,1,15,10,3,21,Moderate or heavy rain shower,8,12.049435,11.515013,-5,0.5344220000000011,-2.049435000000001,3.4849870000000003
27,1.0,77,8,2018,2,0,1,3,6,3,22,Moderate or heavy rain shower,8,4.905569,4.8619018,3,0.043667199999999795,1.0944310000000002,-1.8619018
26,2.2,79,8,2018,2,0,1,5,6,3,23,Moderate or heavy rain shower,8,2.6350775,3.7292168,1,-1.0941393000000001,3.3649225,1.2707832
26,4.4,80,7,2018,3,0,1,1,2,4,0,Moderate or heavy rain shower,8,1.5112848,1.4562917,1,0.05499310000000013,0.4887151999999999,-0.45629169999999997
26,2.2,82,8,2018,3,0,1,2,0,4,1,Moderate or heavy rain shower,8,1.23184,1.0362077,-2,0.19563229999999998,-1.23184,0.9637922999999999
25,0.4,83,10,2018,3,0,1,0,0,4,2,Patchy rain possible,8,1.0275021,1.0969713,0,-0.06946920000000012,-1.0275021,-1.0969713
25,0.6,85,12,2018,3,0,1,0,0,4,3,Patchy rain possible,8,1.0306585,1.1460781,0,-0.11541960000000007,-1.0306585,-1.1460781
25,0.3,84,11,2018,3,0,1,1,1,4,4,Patchy rain possible,8,0.91939473,1.057817,0,-0.13842226999999996,0.08060526999999995,-0.05781700000000001
26,0.5,82,10,2018,3,0,1,1,1,4,5,Patchy rain possible,8,1.0741788,2.0307446,0,-0.9565657999999997,-0.0741788000000001,-1.0307445999999998
26,0.7,81,10,2018,3,0,1,10,4,4,6,Patchy rain possible,8,4.7719636,11.630609,-6,-6.8586453999999994,-0.7719636000000003,-1.6306089999999998
27,0.3,76,11,2018,3,0,1,19,12,4,7,Patchy rain possible,8,14.725408,27.347715,-7,-12.622307000000001,-2.725408,-8.347715
28,0.0,71,13,2018,3,0,1,56,32,4,8,Partly cloudy,8,26.565989,60.82526,-24,-34.259271,5.434011000000002,-4.82526
29,0.0,66,15,2018,3,0,1,33,18,4,9,Partly cloudy,8,17.936205,39.449574,-15,-21.513368999999997,0.06379499999999894,-6.449573999999998
29,0.0,64,15,2018,3,0,1,10,11,4,10,Partly cloudy,8,11.863328,17.32022,1,-5.456892,-0.8633279999999992,-7.320219999999999
30,0.3,61,15,2018,3,0,1,17,10,4,11,Light rain shower,8,12.935111,15.229197,-7,-2.294086,-2.935110999999999,1.7708030000000008
31,0.4,59,15,2018,3,0,1,10,9,4,12,Light rain shower,8,13.653966,16.776161,-1,-3.122194999999998,-4.6539660000000005,-6.776160999999998
30,0.2,60,16,2018,3,0,1,24,12,4,13,Light rain shower,8,15.679113,17.492046,-12,-1.8129329999999992,-3.679112999999999,6.507954000000002
30,1.5,60,17,2018,3,0,1,16,14,4,14,Moderate or heavy rain shower,8,14.642246,14.487849,-2,0.15439699999999945,-0.6422460000000001,1.5121509999999994
30,2.0,61,18,2018,3,0,1,4,7,4,15,Moderate or heavy rain shower,8,16.143335,15.53603,3,0.6073050000000002,-9.143335,-11.53603
29,1.0,62,16,2018,3,0,1,22,37,4,16,Moderate or heavy rain shower,8,20.474583,18.360832,15,2.1137510000000006,16.525417,3.6391680000000015
29,1.6,64,13,2018,3,0,1,35,38,4,17,Moderate or heavy rain shower,8,42.15125,24.857607,3,17.293642999999996,-4.151249999999997,10.142392999999998
28,2.1,65,10,2018,3,0,1,40,41,4,18,Moderate or heavy rain shower,8,38.217216,27.707827,1,10.509388999999999,2.7827839999999995,12.292172999999998
28,1.0,67,13,2018,3,0,1,30,30,4,19,Moderate or heavy rain shower,8,27.040241,22.471977,0,4.568264000000003,2.9597589999999983,7.528023000000001
27,1.1,69,15,2018,3,0,1,22,18,4,20,Moderate or heavy rain shower,8,17.919584,15.117296,-4,2.802288000000001,0.0804159999999996,6.882704
26,1.4,71,18,2018,3,0,1,13,15,4,21,Moderate or heavy rain shower,8,9.518789,9.964525,2,-0.44573600000000013,5.481211,3.035475
26,0.7,72,17,2018,3,0,1,9,10,4,22,Moderate or heavy rain shower,8,6.132688,5.3017273,1,0.8309607000000003,3.867312,3.6982727000000004
26,1.1,72,15,2018,3,0,1,5,6,4,23,Moderate or heavy rain shower,8,4.331737,5.5509186,1,-1.2191815999999998,1.6682629999999996,-0.5509186000000001
26,2.2,73,14,2018,4,0,0,7,4,5,0,Moderate or heavy rain shower,8,4.337473,3.120862,-3,1.2166110000000003,-0.33747300000000013,3.879138
25,1.1,74,15,2018,4,0,0,1,2,5,1,Moderate or heavy rain shower,8,2.0634043,1.6153328,1,0.4480715000000002,-0.06340430000000019,-0.6153328
25,0.5,76,15,2018,4,0,0,1,0,5,2,Light rain shower,8,2.3990583,1.2085223,-1,1.190536,-2.3990583,-0.20852230000000005
25,0.7,77,16,2018,4,0,0,3,0,5,3,Light rain shower,8,3.6792161,2.4303463,-3,1.2488698,-3.6792161,0.5696536999999999
25,0.4,77,14,2018,4,0,0,1,0,5,4,Light rain shower,8,2.3215663,1.2069945,-1,1.1145718000000002,-2.3215663,-0.20699449999999997
25,1.5,77,13,2018,4,0,0,0,0,5,5,Moderate or heavy rain shower,8,0.91621894,1.0012558,0,-0.08503685999999999,-0.91621894,-1.0012558
25,2.0,77,12,2018,4,0,0,2,2,5,6,Moderate or heavy rain shower,8,1.4864274,1.3409611,0,0.14546630000000005,0.5135726,0.6590389000000001
25,1.0,74,10,2018,4,0,0,0,3,5,7,Moderate or heavy rain shower,8,2.024689,2.2389147,3,-0.21422570000000007,0.975311,-2.2389147
26,2.1,72,9,2018,4,0,0,1,2,5,8,Moderate or heavy rain shower,8,6.0510526,4.6551924,1,1.3958602000000004,-4.0510526,-3.6551924
27,2.8,70,7,2018,4,0,0,5,2,5,9,Moderate or heavy rain shower,8,11.756584,12.888843,-3,-1.1322589999999995,-9.756584,-7.888843
28,1.4,66,8,2018,4,0,0,4,0,5,10,Moderate or heavy rain shower,8,20.418903,22.074587,-4,-1.6556840000000008,-20.418903,-18.074587
29,2.5,62,8,2018,4,0,0,5,6,5,11,Moderate or heavy rain shower,8,25.465124,24.880491,1,0.5846330000000002,-19.465124,-19.880491
31,3.3,58,8,2018,4,0,0,12,17,5,12,Moderate or heavy rain shower,8,27.43909,28.325905,5,-0.8868149999999986,-10.43909,-16.325905
31,1.6,56,9,2018,4,0,0,34,25,5,13,Moderate or heavy rain shower,8,34.097275,34.38777,-9,-0.29049499999999995,-9.097275000000003,-0.3877700000000033
31,0.0,54,9,2018,4,0,0,42,33,5,14,Partly cloudy,8,39.32175,38.516815,-9,0.8049350000000004,-6.3217500000000015,3.483184999999999
31,0.0,52,9,2018,4,0,0,40,41,5,15,Partly cloudy,8,37.98185,37.30592,1,0.675930000000001,3.0181499999999986,2.6940799999999996
31,0.0,53,9,2018,4,0,0,42,52,5,16,Partly cloudy,8,39.705257,38.469837,10,1.2354200000000048,12.294742999999997,3.5301630000000017
31,0.0,54,9,2018,4,0,0,39,41,5,17,Sunny,8,42.277447,32.24545,2,10.031997000000004,-1.2774470000000022,6.754550000000002
31,0.0,54,8,2018,4,0,0,46,27,5,18,Clear,8,48.88233,40.699905,-19,8.182425000000002,-21.882330000000003,5.300094999999999
30,0.0,58,9,2018,4,0,0,43,31,5,19,Clear,8,35.610596,33.49685,-12,2.113745999999999,-4.610596000000001,9.503149999999998
29,0.0,62,11,2018,4,0,0,28,30,5,20,Clear,8,24.69628,23.955608,2,0.740672,5.303719999999998,4.044391999999998
28,0.0,66,12,2018,4,0,0,15,16,5,21,Clear,8,14.648826,13.693426,1,0.9553999999999991,1.3511740000000003,1.3065739999999995
28,0.0,67,11,2018,4,0,0,9,18,5,22,Clear,8,8.901348,8.543858,9,0.3574900000000003,9.098652,0.4561419999999998
28,0.0,68,10,2018,4,0,0,6,4,5,23,Clear,8,7.319861,7.771493,-2,-0.45163200000000003,-3.3198610000000004,-1.7714930000000004
29,0.1,69,10,2018,5,0,0,6,4,6,0,Clear,8,3.4819136,3.502487,-2,-0.020573399999999964,0.5180864000000001,2.497513
28,0.0,70,9,2018,5,0,0,4,2,6,1,Clear,8,2.6082706,3.2617095,-2,-0.6534388999999998,-0.6082706,0.7382905000000002
28,0.0,70,8,2018,5,0,0,8,0,6,2,Clear,8,3.0000346,2.0871248,-8,0.9129098000000004,-3.0000346,5.9128752
28,0.0,71,7,2018,5,0,0,0,0,6,3,Clear,8,1.8773624,1.9657506,0,-0.08838820000000003,-1.8773624,-1.9657506
28,0.0,69,5,2018,5,0,0,0,1,6,4,Clear,8,2.0215347,1.4535296,1,0.5680051000000002,-1.0215347000000001,-1.4535296
28,0.0,68,4,2018,5,0,0,0,0,6,5,Clear,8,1.164776,0.9959604,0,0.16881560000000007,-1.164776,-0.9959604
27,0.0,66,2,2018,5,0,0,2,3,6,6,Sunny,8,1.2586651,2.0476131,1,-0.788948,1.7413349,-0.047613099999999964
29,0.0,63,3,2018,5,0,0,4,7,6,7,Sunny,8,2.4130876,3.2867582,3,-0.8736706000000001,4.5869124,0.7132418
30,0.0,60,3,2018,5,0,0,12,9,6,8,Sunny,8,8.926607,9.556427,-3,-0.6298199999999987,0.07339299999999938,2.4435730000000007
32,0.0,57,3,2018,5,0,0,19,24,6,9,Sunny,8,19.352379,30.667751,5,-11.315372,4.647621000000001,-11.667750999999999
32,0.0,53,4,2018,5,0,0,28,24,6,10,Sunny,8,21.24087,25.851244,-4,-4.610374,2.759129999999999,2.148755999999999
33,0.0,48,5,2018,5,0,0,35,29,6,11,Sunny,8,34.693214,32.34941,-6,2.3438039999999987,-5.6932139999999976,2.650590000000001
34,0.0,43,5,2018,5,0,0,31,39,6,12,Sunny,8,39.0875,38.7653,8,0.32219999999999516,-0.08749999999999858,-7.765300000000003
34,0.0,43,6,2018,5,0,0,34,34,6,13,Sunny,8,41.960743,40.860096,0,1.1006470000000022,-7.960743000000001,-6.860095999999999
34,0.0,43,6,2018,5,0,0,42,38,6,14,Sunny,8,46.29794,42.824596,-4,3.4733439999999973,-8.297939999999997,-0.8245959999999997
35,0.0,43,6,2018,5,0,0,36,34,6,15,Sunny,8,45.78443,42.17888,-2,3.605550000000001,-11.78443,-6.1788799999999995
34,0.0,45,6,2018,5,0,0,65,47,6,16,Sunny,8,46.236774,41.80681,-18,4.429963999999998,0.7632260000000031,23.19319
33,0.0,48,7,2018,5,0,0,45,54,6,17,Sunny,8,48.980583,35.13775,9,13.842833000000006,5.019416999999997,9.862250000000003
32,0.0,50,8,2018,5,0,0,39,26,6,18,Clear,8,52.388588,42.539757,-13,9.848830999999997,-26.388588,-3.5397570000000016
32,0.0,53,7,2018,5,0,0,31,38,6,19,Clear,8,43.01434,38.371376,7,4.642963999999999,-5.014339999999997,-7.371375999999998
32,0.0,56,7,2018,5,0,0,24,17,6,20,Clear,8,33.07296,30.196192,-7,2.876768000000002,-16.072960000000002,-6.196192
32,0.0,59,6,2018,5,0,0,17,17,6,21,Clear,8,17.34907,16.938248,0,0.4108219999999996,-0.3490700000000011,0.061751999999998475
32,0.0,60,7,2018,5,0,0,12,16,6,22,Clear,8,8.931517,8.32488,4,0.6066369999999992,7.0684830000000005,3.6751199999999997
31,0.0,62,9,2018,5,0,0,3,2,6,23,Clear,8,6.2266784,6.5033684,-1,-0.2766900000000003,-4.2266784,-3.5033684000000003
30,0.0,63,10,2018,6,0,1,3,3,0,0,Clear,8,2.2560942,2.6188843,0,-0.3627900999999998,0.7439057999999998,0.38111570000000006
29,0.0,65,10,2018,6,0,1,0,0,0,1,Clear,8,1.8790914,2.1820946,0,-0.30300320000000003,-1.8790914,-2.1820946
28,0.0,67,9,2018,6,0,1,1,3,0,2,Clear,8,1.4443936,1.7276767,2,-0.2832831,1.5556064,-0.7276767
27,0.0,69,9,2018,6,0,1,2,0,0,3,Clear,8,0.8325705,1.0755694,-2,-0.24299890000000002,-0.8325705,0.9244306
27,0.0,69,7,2018,6,0,1,0,0,0,4,Clear,8,0.74114203,1.0483015,0,-0.30715947,-0.74114203,-1.0483015
28,0.0,68,6,2018,6,0,1,2,2,0,5,Clear,8,1.2285681,1.5466555,0,-0.3180874,0.7714319000000001,0.45334450000000004
28,0.0,67,4,2018,6,0,1,10,6,0,6,Sunny,8,3.757704,11.166567,-4,-7.408863,2.242296,-1.1665670000000006
29,0.0,63,4,2018,6,0,1,31,14,0,7,Sunny,8,17.661005,33.62164,-17,-15.960635,-3.6610049999999994,-2.6216399999999993
31,0.0,58,4,2018,6,0,1,61,31,0,8,Partly cloudy,8,33.411266,71.93389,-30,-38.52262400000001,-2.4112659999999977,-10.933890000000005
32,0.0,54,4,2018,6,0,1,41,17,0,9,Partly cloudy,8,20.9805,43.479214,-24,-22.498714,-3.9804999999999993,-2.479213999999999
33,0.0,51,4,2018,6,0,1,14,7,0,10,Partly cloudy,8,13.182752,19.574907,-7,-6.392154999999999,-6.182752000000001,-5.574907
34,0.0,47,5,2018,6,0,1,15,14,0,11,Sunny,8,13.210596,17.524979,-1,-4.314382999999998,0.7894039999999993,-2.5249789999999983
35,0.0,44,5,2018,6,0,1,13,5,0,12,Sunny,8,15.601057,19.978924,-8,-4.377866999999998,-10.601057,-6.978923999999999
35,0.0,44,7,2018,6,0,1,9,10,0,13,Sunny,8,18.006212,20.658066,1,-2.651854,-8.006212000000001,-11.658066000000002
35,0.0,44,8,2018,6,0,1,11,14,0,14,Partly cloudy,8,20.767994,23.141531,3,-2.373536999999999,-6.767994000000002,-12.141531
35,0.0,44,10,2018,6,0,1,15,11,0,15,Partly cloudy,8,21.188179,21.9349,-4,-0.7467209999999973,-10.188179000000002,-6.934899999999999
34,0.0,47,10,2018,6,0,1,15,15,0,16,Partly cloudy,8,24.97916,24.142244,0,0.8369159999999987,-9.97916,-9.142244000000002
33,0.0,49,11,2018,6,0,1,33,48,0,17,Partly cloudy,8,65.874054,43.575542,15,22.298512000000002,-17.874054,-10.575541999999999
32,0.0,52,11,2018,6,0,1,41,45,0,18,Partly cloudy,8,76.77114,59.85875,4,16.912390000000002,-31.771140000000003,-18.85875
31,0.0,56,13,2018,6,0,1,21,21,0,19,Partly cloudy,8,57.178345,47.752365,0,9.425980000000003,-36.178345,-26.752364999999998
30,0.0,60,14,2018,6,0,1,28,28,0,20,Clear,8,39.109352,31.15033,0,7.959022000000001,-11.109352000000001,-3.1503300000000003
29,0.0,65,15,2018,6,0,1,15,15,0,21,Clear,8,18.016144,17.448963,0,0.5671810000000015,-3.0161440000000006,-2.448962999999999
29,0.0,67,15,2018,6,0,1,14,7,0,22,Clear,8,8.86844,8.841548,-7,0.026892000000000138,-1.8684399999999997,5.1584520000000005
29,0.0,68,15,2018,6,0,1,5,10,0,23,Clear,8,4.632307,6.335733,5,-1.7034260000000003,5.367693,-1.3357330000000003
28,0.0,70,15,2018,7,0,1,3,2,1,0,Clear,8,1.9903325,2.6030972,-1,-0.6127647,0.00966749999999994,0.3969027999999999
28,0.0,72,14,2018,7,0,1,0,0,1,1,Clear,8,1.587684,1.7630873,0,-0.17540329999999993,-1.587684,-1.7630873
28,0.1,74,12,2018,7,0,1,1,0,1,2,Clear,8,1.0895418,1.4091258,-1,-0.3195840000000001,-1.0895418,-0.4091258
27,0.1,77,11,2018,7,0,1,2,2,1,3,Clear,8,0.7996558,0.98157877,0,-0.18192297000000002,1.2003442,1.01842123
27,0.1,76,10,2018,7,0,1,0,1,1,4,Clear,8,0.7865509,1.0167004,1,-0.2301494999999999,0.21344909999999995,-1.0167004
28,0.1,76,9,2018,7,0,1,4,3,1,5,Clear,8,1.4205667,1.7503195,-1,-0.32975280000000007,1.5794333,2.2496805
28,0.1,75,8,2018,7,0,1,14,12,1,6,Sunny,8,4.7731023,14.495648,-2,-9.7225457,7.2268977,-0.4956479999999992
29,0.1,69,9,2018,7,0,1,27,18,1,7,Sunny,8,19.492105,35.970383,-9,-16.478278,-1.4921049999999987,-8.970382999999998
30,0.1,64,10,2018,7,0,1,66,22,1,8,Sunny,8,34.245953,74.36825,-44,-40.122297,-12.245953,-8.368250000000003
31,0.2,58,12,2018,7,0,1,35,28,1,9,Sunny,8,19.647932,42.03052,-7,-22.382588000000002,8.352068,-7.030520000000003
32,0.1,54,13,2018,7,0,1,9,9,1,10,Sunny,8,11.473661,17.526611,0,-6.052949999999999,-2.473661,-8.526610999999999
33,0.1,51,14,2018,7,0,1,10,14,1,11,Patchy rain possible,8,12.544626,16.556131,4,-4.011505000000001,1.4553740000000008,-6.556131000000001
33,0.2,47,15,2018,7,0,1,20,12,1,12,Patchy rain possible,8,17.833357,20.746267,-8,-2.91291,-5.8333569999999995,-0.7462669999999996
33,0.1,48,15,2018,7,0,1,14,14,1,13,Patchy rain possible,8,17.613167,19.053581,0,-1.4404140000000005,-3.6131670000000007,-5.053581000000001
33,0.6,50,15,2018,7,0,1,17,15,1,14,Patchy rain possible,8,15.908003,18.602755,-2,-2.6947519999999976,-0.9080030000000008,-1.6027549999999984
32,0.8,51,15,2018,7,0,1,13,11,1,15,Patchy rain possible,8,15.996554,16.663534,-2,-0.6669799999999988,-4.996554,-3.6635339999999985
32,0.4,53,12,2018,7,0,1,24,13,1,16,Patchy rain possible,8,17.218006,17.512026,-11,-0.2940199999999997,-4.218005999999999,6.487974000000001
31,0.6,55,9,2018,7,0,1,36,73,1,17,Light rain shower,8,57.273808,35.55147,37,21.722338,15.726191999999998,0.4485299999999981
31,0.8,58,6,2018,7,0,1,50,59,1,18,Light rain shower,8,64.83948,47.523415,9,17.316064999999995,-5.839479999999995,2.476585
30,0.4,62,7,2018,7,0,1,26,20,1,19,Light rain shower,8,49.578163,39.146378,-6,10.431785000000005,-29.578163000000004,-13.146377999999999
29,2.2,66,7,2018,7,0,1,9,15,1,20,Moderate or heavy rain shower,8,27.737637,20.94411,6,6.793527000000001,-12.737637,-11.944109999999998
28,3.0,70,8,2018,7,0,1,10,9,1,21,Moderate or heavy rain shower,8,10.352698,10.22879,-1,0.12390800000000013,-1.3526980000000002,-0.22879000000000005
28,1.5,71,6,2018,7,0,1,6,5,1,22,Moderate or heavy rain shower,8,5.171899,4.4444456,-1,0.7274533999999999,-0.1718989999999998,1.5555544000000001
28,3.2,71,5,2018,7,0,1,4,3,1,23,Torrential rain shower,8,2.5532415,5.130449,-1,-2.5772074999999997,0.44675850000000006,-1.1304489999999996
28,6.5,72,3,2018,8,0,1,4,5,2,0,Torrential rain shower,8,1.0986745,1.0498998,1,0.04877470000000006,3.9013255,2.9501002
27,3.2,72,4,2018,8,0,1,0,1,2,1,Torrential rain shower,8,1.4750309,1.0894449,1,0.385586,-0.4750308999999999,-1.0894449
27,0.1,73,4,2018,8,0,1,1,0,2,2,Patchy rain possible,8,0.99966204,1.037849,-1,-0.03818695999999999,-0.99966204,-0.03784900000000002
26,0.1,74,5,2018,8,0,1,0,0,2,3,Patchy rain possible,8,0.8190888,1.0444398,0,-0.22535099999999997,-0.8190888,-1.0444398
27,0.0,72,5,2018,8,0,1,0,1,2,4,Patchy rain possible,8,0.76982397,0.9671508,1,-0.19732682999999995,0.23017602999999998,-0.9671508
27,0.1,71,4,2018,8,0,1,1,3,2,5,Clear,8,1.4119709,1.1623272,2,0.24964370000000002,1.5880291,-0.1623272
27,0.1,70,4,2018,8,0,1,10,6,2,6,Sunny,8,4.0853915,13.2911825,-4,-9.205791,1.9146085,-3.2911824999999997
29,0.0,66,5,2018,8,0,1,42,15,2,7,Sunny,8,20.742641,36.03919,-27,-15.296548999999999,-5.742640999999999,5.960810000000002
30,0.0,62,5,2018,8,0,1,53,19,2,8,Sunny,8,37.06302,75.87728,-34,-38.81426,-18.06302,-22.87728
31,0.0,58,5,2018,8,0,1,48,21,2,9,Sunny,8,23.115446,45.192265,-27,-22.076819,-2.1154459999999986,2.807735000000001
32,0.0,54,5,2018,8,0,1,16,13,2,10,Sunny,8,14.718463,19.182373,-3,-4.4639099999999985,-1.7184629999999999,-3.1823729999999983
33,0.0,51,6,2018,8,0,1,6,9,2,11,Sunny,8,12.967501,16.63407,3,-3.666569000000001,-3.9675010000000004,-10.634070000000001
34,0.0,47,6,2018,8,0,1,21,12,2,12,Sunny,8,16.649324,20.496971,-9,-3.8476469999999985,-4.649324,0.5030290000000015
34,0.0,48,8,2018,8,0,1,11,11,2,13,Sunny,8,17.249466,18.844582,0,-1.5951159999999973,-6.249466000000002,-7.844581999999999
34,0.0,49,10,2018,8,0,1,7,13,2,14,Partly cloudy,8,18.137756,20.080118,6,-1.9423619999999993,-5.1377559999999995,-13.080117999999999
33,0.0,50,12,2018,8,0,1,12,12,2,15,Partly cloudy,8,20.227127,19.3427,0,0.8844269999999987,-8.227127,-7.342700000000001
33,0.0,52,11,2018,8,0,1,26,21,2,16,Partly cloudy,8,20.505116,19.540232,-5,0.9648840000000014,0.494883999999999,6.459768
32,0.5,55,11,2018,8,0,1,41,45,2,17,Light rain shower,8,57.83684,36.18165,4,21.655190000000005,-12.836840000000002,4.818350000000002
31,0.6,57,11,2018,8,0,1,53,95,2,18,Light rain shower,8,65.37282,48.02699,42,17.345830000000007,29.627179999999996,4.973010000000002
30,0.3,60,11,2018,8,0,1,45,58,2,19,Light rain shower,8,48.979702,38.771545,13,10.208157,9.020297999999997,6.228454999999997
29,3.2,63,11,2018,8,0,1,28,38,2,20,Torrential rain shower,8,23.278585,18.891973,10,4.3866119999999995,14.721415,9.108027
29,4.2,66,11,2018,8,0,1,18,22,2,21,Torrential rain shower,8,11.560661,12.148595,4,-0.5879340000000006,10.439339,5.851405
28,2.1,67,11,2018,8,0,1,16,15,2,22,Torrential rain shower,8,9.683048,9.341196,-1,0.3418519999999994,5.316952000000001,6.658804
28,3.2,68,11,2018,8,0,1,5,3,2,23,Torrential rain shower,8,3.4183369,5.94978,-2,-2.5314430999999997,-0.4183368999999999,-0.9497799999999996
28,6.4,69,11,2018,9,0,1,0,1,3,0,Torrential rain shower,8,1.3366188,1.7423221,1,-0.4057032999999999,-0.3366188000000001,-1.7423221
27,3.2,70,12,2018,9,0,1,1,1,3,1,Torrential rain shower,8,1.7636763,1.524163,0,0.23951330000000004,-0.7636763,-0.5241629999999999
26,0.4,72,12,2018,9,0,1,1,0,3,2,Patchy rain possible,8,1.0669867,1.0694699,-1,-0.0024832000000001297,-1.0669867,-0.06946990000000008
26,0.5,73,12,2018,9,0,1,0,0,3,3,Patchy rain possible,8,0.80376726,1.037723,0,-0.23395573999999997,-0.80376726,-1.037723
26,0.3,72,12,2018,9,0,1,0,1,3,4,Patchy rain possible,8,0.75624144,1.0120513,1,-0.25580985999999994,0.24375855999999996,-1.0120513
26,0.4,71,12,2018,9,0,1,4,2,3,5,Patchy rain possible,8,0.95336854,2.3836234,-2,-1.4302548599999998,1.04663146,1.6163766000000002
26,0.5,70,12,2018,9,0,1,13,7,3,6,Patchy rain possible,8,4.5524974,12.361185,-6,-7.808687600000001,2.4475026,0.6388149999999992
27,0.3,66,12,2018,9,0,1,25,11,3,7,Patchy rain possible,8,15.045966,29.341991,-14,-14.296025,-4.045966,-4.341991
28,0.0,63,13,2018,9,0,1,49,27,3,8,Sunny,8,31.331316,70.823006,-22,-39.491690000000006,-4.331316000000001,-21.823006000000007
29,0.0,60,14,2018,9,0,1,39,18,3,9,Sunny,8,22.404724,46.253834,-21,-23.849109999999996,-4.404724000000002,-7.253833999999998
30,0.0,56,13,2018,9,0,1,8,6,3,10,Sunny,8,11.942878,17.752178,-2,-5.8093,-5.942878,-9.752178
31,0.0,53,13,2018,9,0,1,12,7,3,11,Partly cloudy,8,14.062381,17.977167,-5,-3.914786000000001,-7.062381,-5.9771670000000015
32,0.0,49,12,2018,9,0,1,13,11,3,12,Partly cloudy,8,14.953808,19.93571,-2,-4.981902,-3.9538080000000004,-6.93571
32,0.0,48,13,2018,9,0,1,11,13,3,13,Partly cloudy,8,16.695084,19.678028,2,-2.982944,-3.6950840000000014,-8.678028000000001
32,0.0,46,15,2018,9,0,1,15,17,3,14,Sunny,8,17.71487,20.589117,2,-2.8742470000000004,-0.7148700000000012,-5.589117000000002
32,0.0,45,16,2018,9,0,1,16,20,3,15,Sunny,8,20.160446,20.435995,4,-0.27554899999999805,-0.1604460000000003,-4.435994999999998
31,0.0,45,15,2018,9,0,1,18,15,3,16,Sunny,8,22.933493,22.133635,-3,0.7998579999999968,-7.933492999999999,-4.133635000000002
30,0.0,46,14,2018,9,0,1,19,59,3,17,Sunny,8,62.808483,40.552666,40,22.255817,-3.8084830000000025,-21.552666000000002
30,0.0,47,13,2018,9,0,1,48,73,3,18,Clear,8,75.3032,55.410038,25,19.893162000000004,-2.303200000000004,-7.410038
29,0.0,49,13,2018,9,0,1,32,32,3,19,Clear,8,57.732212,44.526257,0,13.205954999999996,-25.732211999999997,-12.526257000000001
29,0.0,52,13,2018,9,0,1,28,32,3,20,Clear,8,35.82126,27.342733,4,8.478527000000003,-3.8212600000000023,0.6572670000000009
29,0.0,55,13,2018,9,0,1,18,16,3,21,Clear,8,17.831749,16.064417,-2,1.7673319999999997,-1.8317489999999985,1.9355830000000012
28,0.0,57,12,2018,9,0,1,9,6,3,22,Clear,8,8.931743,8.668511,-3,0.26323200000000035,-2.931743000000001,0.3314889999999995
28,0.0,58,11,2018,9,0,1,7,10,3,23,Clear,8,5.031992,7.1055155,3,-2.0735235000000003,4.968008,-0.1055155000000001
28,0.0,59,10,2018,10,1,0,3,3,4,0,Clear,8,3.3879828,2.6296074,0,0.7583754000000003,-0.38798280000000007,0.3703926000000002
27,0.0,60,9,2018,10,1,0,0,3,4,1,Clear,8,1.9472533,2.2163293,3,-0.26907599999999987,1.0527467,-2.2163293
27,0.0,61,9,2018,10,1,0,1,1,4,2,Clear,8,2.1581643,1.5233076,0,0.6348567,-1.1581643000000001,-0.5233076000000001
26,0.0,62,8,2018,10,1,0,0,0,4,3,Clear,8,1.0561228,0.9773509,0,0.0787719,-1.0561228,-0.9773509
26,0.0,62,7,2018,10,1,0,0,0,4,4,Clear,8,1.5912951,0.9914346,0,0.5998604999999999,-1.5912951,-0.9914346
26,0.0,61,6,2018,10,1,0,1,0,4,5,Clear,8,0.92331886,0.97441584,-1,-0.05109698000000007,-0.92331886,0.025584159999999967
26,0.0,60,5,2018,10,1,0,12,7,4,6,Sunny,8,5.6690655,15.897012,-5,-10.2279465,1.3309344999999997,-3.897012
28,0.0,57,6,2018,10,1,0,25,12,4,7,Sunny,8,12.022385,26.228369,-13,-14.205984,-0.022384999999999877,-1.2283690000000007
29,0.0,55,6,2018,10,1,0,48,28,4,8,Sunny,8,19.988396,47.659523,-20,-27.671127,8.011603999999998,0.3404769999999999
30,0.0,52,6,2018,10,1,0,30,23,4,9,Sunny,8,21.386679,43.230057,-7,-21.843378,1.6133209999999991,-13.230057000000002
31,0.0,49,7,2018,10,1,0,20,13,4,10,Sunny,8,23.039375,28.645365,-7,-5.605990000000002,-10.039375,-8.645365000000002
32,0.0,46,8,2018,10,1,0,24,19,4,11,Partly cloudy,8,24.24377,25.569689,-5,-1.325918999999999,-5.243770000000001,-1.5696890000000003
33,0.0,43,9,2018,10,1,0,10,12,4,12,Partly cloudy,8,28.096424,29.962543,2,-1.8661190000000012,-16.096424,-19.962543
32,0.0,45,9,2018,10,1,0,17,15,4,13,Partly cloudy,8,25.901003,28.035496,-2,-2.134492999999999,-10.901003,-11.035495999999998
32,0.0,46,8,2018,10,1,0,20,17,4,14,Partly cloudy,8,35.38348,33.857903,-3,1.5255769999999984,-18.38348,-13.857903
32,0.0,48,8,2018,10,1,0,17,18,4,15,Partly cloudy,8,35.97216,33.743774,1,2.2283860000000004,-17.972160000000002,-16.743774000000002
31,0.0,51,7,2018,10,1,0,30,35,4,16,Partly cloudy,8,37.34284,33.063576,5,4.279264000000005,-2.3428400000000025,-3.0635759999999976
30,0.1,53,7,2018,10,1,0,44,60,4,17,Light rain shower,8,49.71534,32.29833,16,17.417009999999998,10.284660000000002,11.70167
30,0.1,56,6,2018,10,1,0,34,55,4,18,Light rain shower,8,46.432022,36.09496,21,10.337062000000003,8.567977999999997,-2.0949600000000004
29,0.1,59,7,2018,10,1,0,29,43,4,19,Light rain shower,8,30.793173,26.644884,14,4.148288999999998,12.206827,2.355115999999999
28,1.6,63,7,2018,10,1,0,30,28,4,20,Moderate or heavy rain shower,8,21.853872,18.575731,-2,3.278140999999998,6.146128000000001,11.424268999999999
27,2.1,67,8,2018,10,1,0,14,19,4,21,Moderate or heavy rain shower,8,13.068619,11.554253,5,1.5143660000000008,5.931381,2.445747000000001
27,1.1,67,6,2018,10,1,0,7,8,4,22,Moderate or heavy rain shower,8,11.321833,9.648482,1,1.6733510000000003,-3.321833,-2.6484819999999996
27,2.8,68,4,2018,10,1,0,6,7,4,23,Torrential rain shower,8,6.8636785,8.924982,1,-2.0613035,0.1363215000000002,-2.924982
27,5.6,69,2,2018,11,0,0,4,2,5,0,Torrential rain shower,8,3.4024737,2.8021004,-2,0.6003732999999998,-1.4024736999999998,1.1978996
26,2.8,71,3,2018,11,0,0,3,3,5,1,Torrential rain shower,8,2.3692167,2.5669973,0,-0.1977806000000002,0.6307833,0.43300269999999985
26,0.8,72,4,2018,11,0,0,1,1,5,2,Light rain shower,8,2.8610766,1.2809534,0,1.5801232,-1.8610766,-0.2809534
25,1.1,74,5,2018,11,0,0,0,0,5,3,Light rain shower,8,3.8912735,2.573596,0,1.3176774999999998,-3.8912735,-2.573596
25,0.6,74,5,2018,11,0,0,0,0,5,4,Light rain shower,8,2.5402553,1.2148306,0,1.3254247000000001,-2.5402553,-1.2148306
25,1.2,74,5,2018,11,0,0,0,1,5,5,Moderate or heavy rain shower,8,0.9127136,0.9814698,1,-0.06875619999999993,0.08728639999999999,-0.9814698
25,1.6,74,5,2018,11,0,0,2,1,5,6,Moderate or heavy rain shower,8,1.538949,1.4640338,-1,0.07491519999999996,-0.5389489999999999,0.5359662000000001
25,0.8,74,5,2018,11,0,0,0,1,5,7,Moderate or heavy rain shower,8,1.963493,2.244825,1,-0.28133200000000014,-0.9634929999999999,-2.244825
25,1.2,74,6,2018,11,0,0,1,1,5,8,Moderate or heavy rain shower,8,6.7462373,5.428219,0,1.3180182999999994,-5.7462373,-4.428219
25,1.6,73,6,2018,11,0,0,2,3,5,9,Moderate or heavy rain shower,8,12.040473,13.63432,1,-1.5938470000000002,-9.040473,-11.63432
26,0.8,72,8,2018,11,0,0,9,8,5,10,Moderate or heavy rain shower,8,20.033724,21.711254,-1,-1.6775300000000009,-12.033724,-12.711254
26,2.5,70,9,2018,11,0,0,10,8,5,11,Moderate or heavy rain shower,8,22.650187,22.493233,-2,0.15695399999999893,-14.650186999999999,-12.493233
27,3.3,69,11,2018,11,0,0,15,17,5,12,Moderate or heavy rain shower,8,23.669054,25.105492,2,-1.4364380000000025,-6.669053999999999,-10.105492000000002
27,1.6,69,11,2018,11,0,0,22,15,5,13,Moderate or heavy rain shower,8,29.154413,30.949684,-7,-1.7952709999999996,-14.154413000000002,-8.949684000000001
27,1.1,68,11,2018,11,0,0,13,12,5,14,Moderate or heavy rain shower,8,34.262344,33.055447,-1,1.2068969999999979,-22.262344,-20.055447
27,1.5,68,12,2018,11,0,0,23,22,5,15,Moderate or heavy rain shower,8,32.153206,31.495405,-1,0.6578009999999956,-10.153205999999997,-8.495405000000002
26,0.7,69,10,2018,11,0,0,13,12,5,16,Moderate or heavy rain shower,8,31.807928,30.597063,-1,1.2108650000000019,-19.807928,-17.597063
26,1.7,69,8,2018,11,0,0,12,10,5,17,Moderate or heavy rain shower,8,29.541658,21.531616,-2,8.010042000000002,-19.541658,-9.531616
26,2.3,70,6,2018,11,0,0,6,16,5,18,Moderate or heavy rain shower,8,34.10258,29.385712,10,4.716868000000002,-18.102580000000003,-23.385712
26,1.2,71,5,2018,11,0,0,20,14,5,19,Moderate or heavy rain shower,8,24.39308,23.798151,-6,0.5949290000000005,-10.393080000000001,-3.7981510000000007
26,0.2,73,4,2018,11,0,0,27,15,5,20,Patchy rain possible,8,22.147446,23.406473,-12,-1.2590269999999997,-7.147445999999999,3.5935270000000017
25,0.3,74,3,2018,11,0,0,10,8,5,21,Patchy rain possible,8,13.621577,14.361428,-2,-0.7398509999999998,-5.621577,-4.361428
25,0.1,76,6,2018,11,0,0,7,9,5,22,Patchy rain possible,8,9.271986,8.936225,2,0.33576099999999975,-0.27198600000000006,-1.9362250000000003
25,0.2,77,8,2018,11,0,0,8,4,5,23,Patchy rain possible,8,6.020464,5.48464,-4,0.5358239999999999,-2.0204639999999996,2.5153600000000003
25,0.5,78,11,2018,12,0,0,0,0,6,0,Patchy rain possible,8,4.694519,3.8987317,0,0.7957872999999998,-4.694519,-3.8987317
24,0.2,79,10,2018,12,0,0,3,1,6,1,Patchy rain possible,8,1.9441551,2.0610452,-2,-0.11689010000000022,-0.9441550999999999,0.9389547999999999
24,0.0,79,10,2018,12,0,0,0,0,6,2,Clear,8,1.9622567,1.4045078,0,0.5577489,-1.9622567,-1.4045078
23,0.0,80,9,2018,12,0,0,1,0,6,3,Clear,8,1.3710833,1.4344523,-1,-0.06336900000000001,-1.3710833,-0.4344523
23,0.0,79,10,2018,12,0,0,0,0,6,4,Clear,8,1.3110985,1.1015247,0,0.20957380000000003,-1.3110985,-1.1015247
24,0.0,79,11,2018,12,0,0,1,3,6,5,Clear,8,0.90060437,0.99514014,2,-0.09453576999999991,2.09939563,0.004859860000000049
24,0.0,78,12,2018,12,0,0,1,2,6,6,Sunny,8,1.3629476,1.8762504,1,-0.5133028,0.6370524,-0.8762504
25,0.0,74,11,2018,12,0,0,6,4,6,7,Sunny,8,1.840675,2.6092958,-2,-0.7686207999999999,2.159325,3.3907042
26,0.0,69,11,2018,12,0,0,15,11,6,8,Sunny,8,5.8364882,5.673977,-4,0.16251119999999997,5.1635118,9.326023
27,0.0,64,11,2018,12,0,0,14,17,6,9,Sunny,8,14.658675,20.50396,3,-5.845284999999999,2.3413249999999994,-6.503959999999999
28,0.0,61,10,2018,12,0,0,24,23,6,10,Sunny,8,17.258137,21.039688,-1,-3.7815510000000003,5.741862999999999,2.9603119999999983
29,0.0,58,9,2018,12,0,0,28,26,6,11,Partly cloudy,8,27.851513,27.818068,-2,0.03344500000000039,-1.8515130000000006,0.18193199999999976
30,0.0,54,8,2018,12,0,0,30,32,6,12,Partly cloudy,8,33.08609,35.553062,2,-2.4669719999999984,-1.0860899999999987,-5.553061999999997
30,0.0,56,8,2018,12,0,0,39,31,6,13,Partly cloudy,8,34.91434,36.83435,-8,-1.9200099999999978,-3.914340000000003,2.1656499999999994
30,0.3,58,9,2018,12,0,0,29,30,6,14,Patchy rain possible,8,39.290123,35.964825,1,3.3252980000000036,-9.290123000000001,-6.964824999999998
29,0.4,60,10,2018,12,0,0,33,34,6,15,Patchy rain possible,8,35.840855,33.017982,1,2.822872999999994,-1.8408549999999977,-0.017982000000003495
29,0.2,63,9,2018,12,0,0,49,49,6,16,Patchy rain possible,8,36.63797,33.876003,0,2.7619670000000056,12.362029999999997,15.123997000000003
28,0.6,66,8,2018,12,0,0,41,41,6,17,Patchy rain possible,8,36.932728,26.949911,0,9.982816999999997,4.067272000000003,14.050089
27,0.8,68,8,2018,12,0,0,44,61,6,18,Patchy rain possible,8,40.480484,33.724766,17,6.755717999999995,20.519516000000003,10.275233999999998
27,0.4,71,10,2018,12,0,0,51,36,6,19,Patchy rain possible,8,32.35894,31.000237,-15,1.3587029999999984,3.641060000000003,19.999763
26,3.0,73,12,2018,12,0,0,20,18,6,20,Torrential rain shower,8,12.809786,13.370151,-2,-0.5603649999999991,5.190213999999999,6.629849
25,4.0,76,14,2018,12,0,0,8,8,6,21,Torrential rain shower,8,6.9483905,6.4204063,0,0.5279842000000006,1.0516094999999996,1.5795937000000002
25,2.0,77,15,2018,12,0,0,1,6,6,22,Torrential rain shower,8,6.3829784,5.598342,5,0.7846364000000001,-0.38297839999999983,-4.598342
24,3.8,79,15,2018,12,0,0,6,1,6,23,Torrential rain shower,8,2.5701027,2.5375113,-5,0.03259140000000027,-1.5701027,3.4624887
24,7.7,80,15,2018,13,0,1,1,2,0,0,Torrential rain shower,8,1.0000608,1.020024,1,-0.01996320000000007,0.9999392,-0.020024000000000042
24,3.8,81,16,2018,13,0,1,1,4,0,1,Torrential rain shower,8,1.0469792,1.0702505,3,-0.023271299999999995,2.9530208,-0.0702505
24,0.3,82,17,2018,13,0,1,0,0,0,2,Light rain shower,8,1.0548615,1.0734419,0,-0.018580400000000052,-1.0548615,-1.0734419
23,0.4,84,17,2018,13,0,1,0,0,0,3,Light rain shower,8,0.99268353,1.0745021,0,-0.08181856999999992,-0.99268353,-1.0745021
23,0.2,84,17,2018,13,0,1,0,1,0,4,Light rain shower,8,0.97671556,1.0190411,1,-0.042325539999999884,0.023284439999999962,-1.0190411
23,1.5,83,16,2018,13,0,1,2,3,0,5,Moderate or heavy rain shower,8,1.09715,1.358098,1,-0.26094799999999996,1.90285,0.641902
23,2.0,83,15,2018,13,0,1,13,3,0,6,Moderate or heavy rain shower,8,3.3824778,8.682531,-10,-5.300053200000001,-0.3824778000000002,4.317468999999999
23,1.0,84,16,2018,13,0,1,28,11,0,7,Moderate or heavy rain shower,8,11.01404,19.997116,-17,-8.983075999999999,-0.014039999999999608,8.002884000000002
23,1.7,84,17,2018,13,0,1,27,15,0,8,Moderate or heavy rain shower,8,18.582212,37.903553,-12,-19.321341000000004,-3.5822119999999984,-10.903553000000002
23,2.3,84,18,2018,13,0,1,11,3,0,9,Moderate or heavy rain shower,8,9.843663,17.042536,-8,-7.198872999999999,-6.843662999999999,-6.042535999999998
24,1.1,81,18,2018,13,0,1,0,3,0,10,Moderate or heavy rain shower,8,3.7122264,4.0695205,3,-0.3572941000000003,-0.7122264,-4.0695205
25,2.1,78,17,2018,13,0,1,0,0,0,11,Moderate or heavy rain shower,8,6.257591,6.296367,0,-0.038776000000000366,-6.257591,-6.296367
26,2.8,75,17,2018,13,0,1,4,2,0,12,Moderate or heavy rain shower,8,6.8643255,6.5596404,-2,0.3046850999999995,-4.8643255,-2.5596404
25,1.4,76,15,2018,13,0,1,3,7,0,13,Moderate or heavy rain shower,8,6.4731836,6.774898,4,-0.3017144000000007,0.5268164000000004,-3.7748980000000003
25,0.4,77,12,2018,13,0,1,4,7,0,14,Light rain shower,8,9.636303,10.903707,3,-1.2674040000000009,-2.636303,-6.903707000000001
25,0.6,78,10,2018,13,0,1,7,9,0,15,Light rain shower,8,9.593147,8.925683,2,0.6674640000000007,-0.5931470000000001,-1.9256829999999994
25,0.3,79,8,2018,13,0,1,6,10,0,16,Light rain shower,8,10.654984,11.171547,4,-0.5165629999999997,-0.6549840000000007,-5.171547
25,0.5,80,5,2018,13,0,1,23,46,0,17,Light rain shower,8,47.05525,29.535889,23,17.519361,-1.055250000000001,-6.535889000000001
26,0.6,80,3,2018,13,0,1,27,33,0,18,Light rain shower,8,57.446255,41.912422,6,15.533833000000001,-24.446255,-14.912422
25,0.3,80,2,2018,13,0,1,21,22,0,19,Light rain shower,8,42.311413,33.800045,1,8.511368000000004,-20.311413,-12.800044999999997
25,0.0,80,1,2018,13,0,1,6,8,0,20,Partly cloudy,8,29.596067,25.28638,2,4.309687,-21.596067,-19.28638
24,0.0,80,1,2018,13,0,1,12,12,0,21,Partly cloudy,8,14.3272,16.384655,0,-2.057454999999999,-2.3271999999999995,-4.384654999999999
24,0.0,80,1,2018,13,0,1,9,6,0,22,Partly cloudy,8,7.59607,8.137535,-3,-0.5414649999999996,-1.59607,0.8624650000000003
24,0.0,81,2,2018,13,0,1,5,4,0,23,Clear,8,2.9253373,4.1641474,-1,-1.2388101000000002,1.0746627000000002,0.8358526
24,0.0,81,3,2018,14,0,1,0,1,1,0,Clear,8,1.444153,1.9952438,1,-0.5510907999999999,-0.444153,-1.9952438
24,0.0,82,3,2018,14,0,1,0,0,1,1,Clear,8,1.1598006,1.2334554,0,-0.07365479999999991,-1.1598006,-1.2334554
24,0.3,83,4,2018,14,0,1,0,1,1,2,Patchy rain possible,8,0.9953038,0.9808429,1,0.014460899999999999,0.004696200000000039,-0.9808429
24,0.4,83,5,2018,14,0,1,1,0,1,3,Patchy rain possible,8,0.7841081,1.0013559,-1,-0.2172478000000001,-0.7841081,-0.0013559000000000765
24,0.2,82,5,2018,14,0,1,0,0,1,4,Patchy rain possible,8,0.7358328,0.9606717,0,-0.22483890000000006,-0.7358328,-0.9606717
24,0.6,80,4,2018,14,0,1,3,1,1,5,Patchy rain possible,8,0.9317661,2.6452017,-2,-1.7134356,0.06823389999999996,0.3547983000000001
24,0.8,79,4,2018,14,0,1,12,5,1,6,Patchy rain possible,8,3.84634,11.419698,-7,-7.573358000000001,1.15366,0.5803019999999997
25,0.4,73,6,2018,14,0,1,31,16,1,7,Patchy rain possible,8,15.424051,30.352827,-15,-14.928776000000001,0.5759489999999996,0.6471729999999987
26,0.5,66,8,2018,14,0,1,62,32,1,8,Patchy rain possible,8,25.842855,59.859062,-30,-34.016207,6.157145,2.1409379999999985
28,0.7,60,10,2018,14,0,1,43,8,1,9,Patchy rain possible,8,13.904325,31.761074,-35,-17.856749,-5.904325,11.238926
28,0.4,57,11,2018,14,0,1,18,8,1,10,Patchy rain possible,8,8.170953,12.42022,-10,-4.249267,-0.1709530000000008,5.5797799999999995
29,0.6,55,11,2018,14,0,1,20,11,1,11,Patchy rain possible,8,9.027417,11.844616,-9,-2.8171990000000005,1.9725830000000002,8.155384
30,0.8,52,11,2018,14,0,1,11,9,1,12,Patchy rain possible,8,14.413971,17.60508,-2,-3.191109000000001,-5.413971,-6.605080000000001
29,0.4,53,13,2018,14,0,1,17,18,1,13,Patchy rain possible,8,13.890023,16.116938,1,-2.2269150000000018,4.109977000000001,0.8830619999999989
29,0.5,54,15,2018,14,0,1,18,18,1,14,Patchy rain possible,8,13.466685,15.979603,0,-2.512917999999999,4.533315,2.020397000000001
28,0.7,56,17,2018,14,0,1,6,6,1,15,Patchy rain possible,8,13.507587,14.233303,0,-0.7257160000000002,-7.507586999999999,-8.233303
28,0.3,58,16,2018,14,0,1,9,9,1,16,Patchy rain possible,8,14.258746,15.601715,0,-1.342969,-5.258746,-6.601715
27,0.7,61,15,2018,14,0,1,18,18,1,17,Light rain shower,8,50.217228,30.68117,0,19.536057999999997,-32.217228,-12.681170000000002
26,0.9,64,14,2018,14,0,1,42,67,1,18,Light rain shower,8,56.793858,41.313126,25,15.480732000000003,10.206142,0.6868740000000031
25,0.5,67,16,2018,14,0,1,25,30,1,19,Light rain shower,8,41.989033,33.542725,5,8.446308000000002,-11.989033,-8.542724999999997
24,0.1,70,17,2018,14,0,1,19,22,1,20,Patchy rain possible,8,30.763931,24.167612,3,6.596319000000001,-8.763931,-5.167611999999998
23,0.1,73,18,2018,14,0,1,13,12,1,21,Patchy rain possible,8,13.871501,15.753137,-1,-1.8816360000000003,-1.8715010000000003,-2.7531370000000006
23,0.1,73,17,2018,14,0,1,14,10,1,22,Patchy rain possible,8,6.3631306,7.082033,-4,-0.7189024000000002,3.6368694,6.917967
23,0.1,74,17,2018,14,0,1,5,2,1,23,Patchy rain possible,8,2.3584776,4.9202566,-3,-2.561779,-0.35847760000000006,0.07974339999999991
22,0.2,75,16,2018,15,0,1,2,3,2,0,Patchy rain possible,8,1.2596554,1.5878744,1,-0.32821900000000004,1.7403446,0.4121256
22,0.1,76,16,2018,15,0,1,1,1,2,1,Patchy rain possible,8,1.5079874,1.1732283,0,0.3347591000000001,-0.5079874,-0.1732282999999999
22,0.0,78,17,2018,15,0,1,0,0,2,2,Clear,8,1.0013782,1.092067,0,-0.0906887999999999,-1.0013782,-1.092067
22,0.0,79,17,2018,15,0,1,0,0,2,3,Clear,8,0.9250478,0.99978656,0,-0.07473876000000002,-0.9250478,-0.99978656
22,0.0,77,16,2018,15,0,1,0,1,2,4,Clear,8,0.9861581,1.0069406,1,-0.020782500000000037,0.013841899999999963,-1.0069406
22,0.0,75,15,2018,15,0,1,2,3,2,5,Clear,8,1.248654,1.0548407,1,0.19381329999999997,1.751346,0.9451593
23,0.0,74,14,2018,15,0,1,17,11,2,6,Sunny,8,3.719209,12.479142,-6,-8.759933,7.280791,4.5208580000000005
25,0.0,68,15,2018,15,0,1,33,14,2,7,Sunny,8,17.92913,34.571156,-19,-16.642026,-3.9291300000000007,-1.571156000000002
26,0.0,62,15,2018,15,0,1,61,35,2,8,Sunny,8,32.54936,71.73144,-26,-39.182080000000006,2.45064,-10.731440000000006
28,0.0,57,15,2018,15,0,1,61,28,2,9,Sunny,8,20.846172,43.63159,-33,-22.785418000000004,7.153828000000001,17.368409999999997
29,0.0,53,15,2018,15,0,1,14,10,2,10,Sunny,8,12.418824,17.495464,-4,-5.076639999999998,-2.4188240000000008,-3.4954639999999984
31,0.0,48,14,2018,15,0,1,13,12,2,11,Sunny,8,11.879159,15.522417,-1,-3.643258000000001,0.12084100000000042,-2.522417000000001
32,0.0,44,14,2018,15,0,1,8,13,2,12,Sunny,8,14.993019,19.484049,5,-4.4910299999999985,-1.9930190000000003,-11.484048999999999
32,0.0,44,15,2018,15,0,1,18,18,2,13,Sunny,8,15.260908,17.356531,0,-2.095623,2.7390919999999994,0.6434689999999996
32,0.0,45,15,2018,15,0,1,28,22,2,14,Sunny,8,16.087675,18.862902,-6,-2.7752269999999974,5.912324999999999,9.137098000000002
32,0.0,45,16,2018,15,0,1,17,18,2,15,Sunny,8,18.585352,18.655985,1,-0.07063300000000083,-0.5853520000000003,-1.6559850000000012
31,0.0,48,15,2018,15,0,1,19,15,2,16,Sunny,8,19.664776,19.069525,-4,0.5952510000000011,-4.664776,-0.06952499999999873
31,0.0,51,14,2018,15,0,1,49,55,2,17,Sunny,8,64.17959,41.561214,6,22.618376000000005,-9.179590000000005,7.438786
30,0.0,54,14,2018,15,0,1,55,96,2,18,Clear,8,79.757744,58.89621,41,20.861534,16.242255999999998,-3.8962100000000035
29,0.0,58,14,2018,15,0,1,44,79,2,19,Clear,8,59.45389,45.857143,35,13.596747,19.54611,-1.8571430000000007
28,0.0,61,14,2018,15,0,1,34,49,2,20,Clear,8,37.24271,28.749052,15,8.493658000000003,11.757289999999998,5.250948000000001
28,0.0,65,14,2018,15,0,1,10,12,2,21,Clear,8,19.124594,16.723969,2,2.400624999999998,-7.124593999999998,-6.723969
27,0.0,67,13,2018,15,0,1,10,12,2,22,Clear,8,9.462034,8.236899,2,1.2251349999999999,2.537966000000001,1.7631010000000007
27,0.0,69,13,2018,15,0,1,5,4,2,23,Clear,8,5.0219526,5.9082046,-1,-0.8862520000000007,-1.0219525999999997,-0.9082046000000004
27,0.1,71,12,2018,16,0,1,2,3,3,0,Clear,8,2.4261272,3.100622,1,-0.6744948000000002,0.5738728000000002,-1.100622
26,0.0,72,12,2018,16,0,1,0,0,3,1,Clear,8,1.96742,2.1873674,0,-0.2199473999999999,-1.96742,-2.1873674
26,0.1,73,11,2018,16,0,1,0,0,3,2,Patchy rain possible,8,1.0776592,1.0840917,0,-0.006432500000000063,-1.0776592,-1.0840917
26,0.1,74,10,2018,16,0,1,1,0,3,3,Patchy rain possible,8,0.80582356,1.0431914,-1,-0.23736784,-0.80582356,-0.04319139999999999
26,0.0,71,10,2018,16,0,1,0,1,3,4,Patchy rain possible,8,0.7463815,1.0116746,1,-0.26529310000000006,0.25361849999999997,-1.0116746
26,0.1,69,9,2018,16,0,1,2,1,3,5,Clear,8,1.0127546,1.5644087,-1,-0.5516540999999999,-0.01275460000000006,0.4355913
26,0.1,67,9,2018,16,0,1,10,5,3,6,Sunny,8,4.064412,13.069243,-5,-9.004831,0.9355880000000001,-3.069243
28,0.0,62,9,2018,16,0,1,29,19,3,7,Sunny,8,17.02475,34.37224,-10,-17.347489999999997,1.975249999999999,-5.372239999999998
29,0.0,57,10,2018,16,0,1,57,27,3,8,Sunny,8,32.763664,73.05993,-30,-40.296265999999996,-5.763663999999999,-16.059929999999994
31,0.0,52,10,2018,16,0,1,38,17,3,9,Sunny,8,24.618744,48.08439,-21,-23.465646,-7.6187439999999995,-10.084389999999999
31,0.0,49,10,2018,16,0,1,11,10,3,10,Sunny,8,12.852199,18.652542,-1,-5.800343,-2.8521990000000006,-7.652542
32,0.0,46,9,2018,16,0,1,14,17,3,11,Sunny,8,15.592086,19.277327,3,-3.6852409999999995,1.4079139999999999,-5.277327
33,0.0,43,9,2018,16,0,1,20,14,3,12,Sunny,8,15.490008,20.32287,-6,-4.832862000000002,-1.4900079999999996,-0.32287000000000177
33,0.0,45,10,2018,16,0,1,11,5,3,13,Sunny,8,18.357864,20.547728,-6,-2.189864,-13.357864,-9.547728
33,0.0,46,11,2018,16,0,1,7,7,3,14,Partly cloudy,8,19.769152,21.844965,0,-2.075813,-12.769151999999998,-14.844964999999998
33,0.0,47,12,2018,16,0,1,13,8,3,15,Partly cloudy,8,20.82566,20.661295,-5,0.1643650000000001,-12.82566,-7.661294999999999
32,0.0,50,11,2018,16,0,1,22,24,3,16,Partly cloudy,8,22.795675,21.970419,2,0.8252559999999995,1.2043250000000008,0.0295810000000003
32,0.0,53,10,2018,16,0,1,32,59,3,17,Sunny,8,65.19534,42.40502,27,22.79032,-6.195340000000002,-10.40502
31,0.0,55,10,2018,16,0,1,39,78,3,18,Clear,8,75.66189,55.777996,39,19.883893999999998,2.3381100000000004,-16.777996
30,0.0,58,11,2018,16,0,1,25,37,3,19,Clear,8,57.60585,44.597813,12,13.008036999999995,-20.605849999999997,-19.597813000000002
29,0.2,61,11,2018,16,0,1,14,17,3,20,Patchy rain possible,8,31.305803,24.609089,3,6.696714,-14.305803000000001,-10.609089
28,0.3,64,12,2018,16,0,1,22,21,3,21,Patchy rain possible,8,14.6881,15.922495,-1,-1.2343949999999992,6.3119,6.077505
28,0.1,66,12,2018,16,0,1,11,8,3,22,Patchy rain possible,8,7.5468597,9.308344,-3,-1.7614843000000002,0.4531403000000003,1.691656
28,0.3,67,12,2018,16,0,1,9,13,3,23,Patchy rain possible,8,3.1429675,5.6858907,4,-2.5429231999999997,9.857032499999999,3.3141093
27,0.5,69,12,2018,17,0,1,1,1,4,0,Patchy rain possible,8,3.3779132,3.2086895,0,0.16922369999999987,-2.3779132,-2.2086895
27,0.3,71,10,2018,17,0,1,0,0,4,1,Patchy rain possible,8,1.2705857,1.326199,0,-0.055613299999999866,-1.2705857,-1.326199
27,0.2,72,9,2018,17,0,1,0,0,4,2,Patchy rain possible,8,1.1238428,1.138704,0,-0.014861199999999908,-1.1238428,-1.138704
27,0.3,74,8,2018,17,0,1,2,0,4,3,Patchy rain possible,8,0.9485603,1.1887445,-2,-0.24018420000000007,-0.9485603,0.8112554999999999
27,0.2,74,7,2018,17,0,1,0,0,4,4,Patchy rain possible,8,0.8769375,1.0533155,0,-0.17637800000000003,-0.8769375,-1.0533155
27,0.3,73,6,2018,17,0,1,2,1,4,5,Patchy rain possible,8,1.1133579,2.1732776,-1,-1.0599197,-0.11335790000000001,-0.17327760000000003
27,0.4,72,5,2018,17,0,1,15,6,4,6,Patchy rain possible,8,4.9037743,12.285641,-9,-7.3818667,1.0962256999999997,2.714359
28,0.2,69,6,2018,17,0,1,25,14,4,7,Patchy rain possible,8,15.52482,28.573042,-11,-13.048222,-1.52482,-3.573042000000001
28,1.2,66,8,2018,17,0,1,37,27,4,8,Moderate or heavy rain shower,8,21.373062,49.80048,-10,-28.427418,5.626937999999999,-12.80048
29,1.6,62,9,2018,17,0,1,36,15,4,9,Moderate or heavy rain shower,8,14.08903,30.580122,-21,-16.491092000000002,0.9109700000000007,5.419878000000001
30,0.8,61,11,2018,17,0,1,7,18,4,10,Moderate or heavy rain shower,8,12.2477045,14.221895,11,-1.9741905000000006,5.752295500000001,-7.221895
30,1.3,60,12,2018,17,0,1,10,11,4,11,Moderate or heavy rain shower,8,9.550623,9.813688,1,-0.263065000000001,1.4493770000000001,0.18631199999999914
30,1.7,59,14,2018,17,0,1,16,12,4,12,Moderate or heavy rain shower,8,9.852518,10.658214,-4,-0.8056959999999993,2.147482,5.341786000000001
30,0.8,59,16,2018,17,0,1,21,24,4,13,Moderate or heavy rain shower,8,12.10487,13.978227,3,-1.8733570000000004,11.89513,7.021773
30,1.2,60,18,2018,17,0,1,17,19,4,14,Moderate or heavy rain shower,8,15.220396,15.219814,2,0.0005819999999996384,3.779604000000001,1.7801860000000005
30,1.6,60,19,2018,17,0,1,16,13,4,15,Moderate or heavy rain shower,8,17.139057,16.662766,-3,0.4762909999999998,-4.139057000000001,-0.6627660000000013
30,0.8,62,19,2018,17,0,1,25,32,4,16,Moderate or heavy rain shower,8,21.764326,19.527082,7,2.2372440000000005,10.235674,5.472918
29,1.3,63,19,2018,17,0,1,29,28,4,17,Moderate or heavy rain shower,8,42.625225,25.351318,-1,17.273907,-14.625225,3.648682000000001
29,1.7,65,19,2018,17,0,1,37,37,4,18,Moderate or heavy rain shower,8,39.659832,29.226627,0,10.433205000000001,-2.6598320000000015,7.773372999999999
28,0.8,68,18,2018,17,0,1,25,19,4,19,Moderate or heavy rain shower,8,27.141333,22.750093,-6,4.39124,-8.141333,2.2499070000000003
28,2.0,71,18,2018,17,0,1,13,18,4,20,Moderate or heavy rain shower,8,16.395313,13.829534,5,2.565779000000001,1.6046869999999984,-0.8295340000000007
27,2.7,74,17,2018,17,0,1,14,9,4,21,Moderate or heavy rain shower,8,8.241041,8.334583,-5,-0.09354200000000112,0.7589590000000008,5.665417
27,1.4,75,14,2018,17,0,1,3,1,4,22,Moderate or heavy rain shower,8,5.575547,4.774686,-2,0.8008610000000003,-4.575547,-1.774686
27,2.8,75,12,2018,17,0,1,0,1,4,23,Torrential rain shower,8,3.44191,5.2524986,1,-1.8105886,-2.44191,-5.2524986
26,5.5,76,9,2018,18,0,0,1,1,5,0,Torrential rain shower,8,2.980876,2.5000632,0,0.4808127999999998,-1.9808759999999999,-1.5000632
26,2.8,77,9,2018,18,0,0,0,0,5,1,Torrential rain shower,8,2.212662,2.4462318,0,-0.23356980000000016,-2.212662,-2.4462318
26,0.1,77,9,2018,18,0,0,0,1,5,2,Patchy light drizzle,8,2.5214968,1.1447642,1,1.3767326,-1.5214968,-1.1447642
25,0.1,78,10,2018,18,0,0,0,0,5,3,Patchy light drizzle,8,1.7943505,1.1805146,0,0.6138359,-1.7943505,-1.1805146
25,0.1,77,10,2018,18,0,0,1,0,5,4,Patchy light drizzle,8,2.5181415,1.1293076,-1,1.3888339,-2.5181415,-0.12930759999999997
25,0.1,76,10,2018,18,0,0,0,0,5,5,Patchy light drizzle,8,1.7641689,1.103327,0,0.6608419000000001,-1.7641689,-1.103327
25,0.1,74,10,2018,18,0,0,0,2,5,6,Patchy light drizzle,8,1.7012858,1.6706557,2,0.030630099999999993,0.29871420000000004,-1.6706557
26,0.1,71,11,2018,18,0,0,2,9,5,7,Patchy light drizzle,8,5.2502866,4.589022,7,0.6612646,3.7497134,-2.589022
27,0.0,67,11,2018,18,0,0,2,10,5,8,Partly cloudy,8,6.2777023,5.811467,8,0.46623529999999924,3.7222977000000004,-3.8114670000000004
28,0.0,64,12,2018,18,0,0,14,12,5,9,Partly cloudy,8,15.879604,20.602179,-2,-4.722574999999999,-3.8796040000000005,-6.602179
29,0.0,61,12,2018,18,0,0,10,8,5,10,Partly cloudy,8,21.923368,26.216858,-2,-4.2934899999999985,-13.923368,-16.216858
30,0.1,57,12,2018,18,0,0,29,24,5,11,Patchy rain possible,8,30.963688,29.618727,-5,1.3449610000000014,-6.963688000000001,-0.6187269999999998
31,0.1,54,11,2018,18,0,0,28,19,5,12,Patchy rain possible,8,37.089294,36.22974,-9,0.8595540000000028,-18.089294000000002,-8.22974
30,0.0,57,12,2018,18,0,0,26,25,5,13,Patchy rain possible,8,37.766373,37.404747,-1,0.3616260000000011,-12.766373000000002,-11.404747
30,1.4,61,14,2018,18,0,0,20,20,5,14,Moderate or heavy rain shower,8,36.468525,34.80286,0,1.665664999999997,-16.468525,-14.802860000000003
29,1.9,64,15,2018,18,0,0,23,24,5,15,Moderate or heavy rain shower,8,32.757053,32.104702,1,0.6523509999999959,-8.757052999999999,-9.104702000000003
29,1.0,66,14,2018,18,0,0,28,27,5,16,Moderate or heavy rain shower,8,33.448395,32.110752,-1,1.337643,-6.448394999999998,-4.110751999999998
28,2.5,68,14,2018,18,0,0,27,31,5,17,Moderate or heavy rain shower,8,27.34017,20.520807,4,6.819362999999999,3.6598299999999995,6.479192999999999
27,3.3,71,13,2018,18,0,0,36,34,5,18,Moderate or heavy rain shower,8,30.840929,27.348907,-2,3.4920219999999986,3.159071000000001,8.651093
26,1.7,69,15,2018,18,0,0,14,11,5,19,Moderate or heavy rain shower,8,23.831722,23.40073,-3,0.4309919999999998,-12.831722,-9.40073
25,0.6,68,17,2018,18,0,0,9,3,5,20,Light rain shower,8,15.421387,16.223429,-6,-0.8020420000000001,-12.421387,-7.223428999999999
24,0.8,67,19,2018,18,0,0,5,10,5,21,Light rain shower,8,7.7152667,6.3533444,5,1.3619222999999998,2.2847333,-1.3533444000000001
23,0.4,68,19,2018,18,0,0,12,11,5,22,Light rain shower,8,6.078702,4.7012124,-1,1.3774895999999996,4.921298,7.2987876
22,0.6,69,19,2018,18,0,0,0,3,5,23,Light rain shower,8,4.9972324,3.91439,3,1.0828423999999996,-1.9972323999999997,-3.91439
22,1.3,71,18,2018,19,0,0,4,1,6,0,Light rain shower,8,4.0259132,3.2121642,-3,0.8137489999999996,-3.0259131999999997,0.7878357999999999
22,0.6,73,18,2018,19,0,0,2,0,6,1,Light rain shower,8,1.7621641,1.7948726,-2,-0.03270850000000003,-1.7621641,0.20512740000000007
22,0.0,76,18,2018,19,0,0,0,0,6,2,Overcast,8,1.3205113,1.0773138,0,0.24319749999999996,-1.3205113,-1.0773138
21,0.0,79,17,2018,19,0,0,2,0,6,3,Overcast,8,0.8995164,1.0755924,-2,-0.1760759999999999,-0.8995164,0.9244076000000001
21,0.0,79,18,2018,19,0,0,0,3,6,4,Overcast,8,0.8131766,1.0306965,3,-0.21751989999999988,2.1868233999999998,-1.0306965
21,0.1,79,20,2018,19,0,0,1,0,6,5,Light drizzle,8,0.9938259,1.0048894,-1,-0.011063499999999893,-0.9938259,-0.004889399999999933
21,0.1,79,21,2018,19,0,0,0,1,6,6,Light drizzle,8,1.7706026,1.7518095,1,0.018793099999999896,-0.7706025999999999,-1.7518095
21,0.0,78,21,2018,19,0,0,2,4,6,7,Light drizzle,8,2.867114,2.868756,2,-0.0016419999999999213,1.132886,-0.8687559999999999
21,0.1,77,21,2018,19,0,0,2,5,6,8,Light drizzle,8,3.3546681,3.5359921,3,-0.18132400000000004,1.6453319,-1.5359921
21,0.1,76,21,2018,19,0,0,16,4,6,9,Light drizzle,8,11.531598,16.297054,-12,-4.765455999999999,-7.531598000000001,-0.29705399999999926
21,0.0,74,19,2018,19,0,0,15,11,6,10,Light drizzle,8,14.45595,20.149872,-4,-5.693921999999999,-3.4559499999999996,-5.1498719999999985
22,0.1,72,17,2018,19,0,0,7,11,6,11,Light drizzle,8,21.447834,22.940668,4,-1.4928339999999984,-10.447834,-15.940667999999999
22,0.1,69,16,2018,19,0,0,21,9,6,12,Light drizzle,8,21.280241,24.60916,-12,-3.328918999999999,-12.280241,-3.6091599999999993
22,0.1,68,15,2018,19,0,0,18,19,6,13,Light drizzle,8,21.987854,25.259865,1,-3.2720110000000027,-2.9878539999999987,-7.259865000000001
23,0.1,67,14,2018,19,0,0,13,12,6,14,Light drizzle,8,26.157154,27.870218,-1,-1.7130640000000028,-14.157153999999998,-14.870218000000001
23,0.1,66,14,2018,19,0,0,9,18,6,15,Light drizzle,8,24.630554,25.684227,9,-1.0536729999999999,-6.630554,-16.684227
23,0.1,65,11,2018,19,0,0,29,16,6,16,Light drizzle,8,24.128332,24.957087,-13,-0.828755000000001,-8.128332,4.042912999999999
23,0.1,65,9,2018,19,0,0,32,24,6,17,Patchy rain possible,8,34.749104,25.29177,-8,9.457334000000003,-10.749104000000003,6.70823
23,0.2,64,6,2018,19,0,0,23,29,6,18,Patchy rain possible,8,40.528694,33.35444,6,7.174254000000005,-11.528694000000002,-10.354439999999997
23,0.1,67,8,2018,19,0,0,21,26,6,19,Patchy rain possible,8,31.316906,29.82028,5,1.4966259999999991,-5.3169059999999995,-8.82028
22,0.0,69,10,2018,19,0,0,19,9,6,20,Cloudy,8,20.347765,19.709692,-10,0.6380729999999986,-11.347764999999999,-0.7096920000000004
22,0.0,71,12,2018,19,0,0,3,4,6,21,Cloudy,8,10.4662485,10.152641,1,0.3136075000000016,-6.466248500000001,-7.152640999999999
22,0.0,71,13,2018,19,0,0,4,3,6,22,Cloudy,8,4.581946,3.4541533,-1,1.1277927,-1.5819460000000003,0.5458466999999998
22,0.0,70,14,2018,19,0,0,4,5,6,23,Partly cloudy,8,4.0278106,3.6456113,1,0.38219929999999946,0.9721894000000004,0.3543886999999999
21,0.0,70,14,2018,20,0,1,4,4,0,0,Partly cloudy,8,1.3377037,1.9178519,0,-0.5801482,2.6622963,2.0821481
21,0.0,70,13,2018,20,0,1,0,0,0,1,Partly cloudy,8,1.1757205,1.2541243,0,-0.07840380000000002,-1.1757205,-1.2541243
20,0.0,70,12,2018,20,0,1,0,0,0,2,Partly cloudy,8,0.9543296,1.1070083,0,-0.15267869999999995,-0.9543296,-1.1070083
20,0.0,71,12,2018,20,0,1,0,0,0,3,Partly cloudy,8,0.96773815,1.3324496,0,-0.36471144999999994,-0.96773815,-1.3324496
20,0.0,72,12,2018,20,0,1,0,0,0,4,Partly cloudy,8,0.9361927,1.0714087,0,-0.13521600000000011,-0.9361927,-1.0714087
20,0.0,73,12,2018,20,0,1,0,2,0,5,Cloudy,8,1.1207687,2.113647,2,-0.9928782999999999,0.8792313,-2.113647
20,0.0,74,12,2018,20,0,1,8,5,0,6,Cloudy,8,3.51761,8.511109,-3,-4.993499,1.48239,-0.5111089999999994
21,0.0,74,12,2018,20,0,1,27,21,0,7,Cloudy,8,13.794707,24.945526,-6,-11.150819,7.205292999999999,2.054473999999999
21,0.0,74,12,2018,20,0,1,73,29,0,8,Cloudy,8,23.44614,51.469288,-44,-28.023148,5.55386,21.530712
22,0.0,73,12,2018,20,0,1,43,15,0,9,Cloudy,8,15.348075,31.870924,-28,-16.522849,-0.3480749999999997,11.129076000000001
23,0.0,68,11,2018,20,0,1,9,15,0,10,Cloudy,8,7.3969736,9.788901,6,-2.3919273999999993,7.6030264,-0.7889009999999992
25,0.1,63,10,2018,20,0,1,8,4,0,11,Light rain shower,8,8.103509,10.081351,-4,-1.977841999999999,-4.103509000000001,-2.0813509999999997
26,0.1,58,9,2018,20,0,1,7,5,0,12,Light rain shower,8,10.886058,13.382105,-2,-2.496046999999999,-5.886058,-6.382104999999999
26,0.0,59,10,2018,20,0,1,12,15,0,13,Light rain shower,8,12.258533,14.058021,3,-1.7994880000000002,2.741467,-2.058021
25,0.1,61,12,2018,20,0,1,19,15,0,14,Light rain shower,8,11.55991,13.489382,-4,-1.9294720000000005,3.4400899999999996,5.510617999999999
25,0.1,62,13,2018,20,0,1,13,15,0,15,Light rain shower,8,10.865583,10.819211,2,0.046372000000001634,4.134416999999999,2.1807890000000008
25,0.0,65,11,2018,20,0,1,22,16,0,16,Light rain shower,8,11.907085,12.434009,-6,-0.5269239999999993,4.092915,9.565991
24,0.1,67,9,2018,20,0,1,50,81,0,17,Patchy rain possible,8,50.45551,31.544752,31,18.910757999999998,30.544490000000003,18.455248
24,0.1,70,8,2018,20,0,1,56,83,0,18,Patchy rain possible,8,63.594837,46.6845,27,16.910337,19.405163,9.3155
23,0.0,70,8,2018,20,0,1,32,58,0,19,Patchy rain possible,8,47.66872,37.952496,26,9.716224000000004,10.33128,-5.9524959999999965
23,0.0,71,8,2018,20,0,1,23,45,0,20,Cloudy,8,25.23935,21.506182,22,3.7331680000000027,19.76065,1.493818000000001
23,0.0,72,9,2018,20,0,1,15,15,0,21,Cloudy,8,11.718291,14.076092,0,-2.3578009999999985,3.2817089999999993,0.9239080000000008
22,0.0,72,10,2018,20,0,1,14,13,0,22,Cloudy,8,5.563588,5.5965505,-1,-0.032962500000000006,7.436412,8.4034495
22,0.0,72,11,2018,20,0,1,5,6,0,23,Partly cloudy,8,3.183789,5.5513825,1,-2.3675935,2.816211,-0.5513824999999999
22,0.0,72,12,2018,21,0,1,0,0,1,0,Partly cloudy,8,1.3907552,2.3706043,0,-0.9798491,-1.3907552,-2.3706043
22,0.0,73,11,2018,21,0,1,3,3,1,1,Partly cloudy,8,1.3888788,1.7573391,0,-0.36846029999999996,1.6111212,1.2426609
21,0.0,74,10,2018,21,0,1,0,0,1,2,Partly cloudy,8,0.9527823,1.0369804,0,-0.08419810000000005,-0.9527823,-1.0369804
21,0.0,75,9,2018,21,0,1,0,0,1,3,Partly cloudy,8,0.856235,1.0867916,0,-0.2305566,-0.856235,-1.0867916
21,0.0,74,10,2018,21,0,1,0,0,1,4,Partly cloudy,8,0.91605395,1.0569321,0,-0.14087815000000004,-0.91605395,-1.0569321
21,0.0,74,11,2018,21,0,1,1,0,1,5,Partly cloudy,8,1.1834735,2.704736,-1,-1.5212625,-1.1834735,-1.704736
21,0.0,74,12,2018,21,0,1,10,5,1,6,Partly cloudy,8,3.7808876,12.480944,-5,-8.7000564,1.2191124000000002,-2.480943999999999
22,0.0,70,13,2018,21,0,1,36,21,1,7,Partly cloudy,8,15.78068,32.374447,-15,-16.593767000000003,5.21932,3.6255529999999965
23,0.0,67,13,2018,21,0,1,63,34,1,8,Sunny,8,28.400158,64.93171,-29,-36.53155199999999,5.599841999999999,-1.9317099999999954
24,0.0,63,14,2018,21,0,1,57,22,1,9,Sunny,8,15.82482,35.0766,-35,-19.251779999999997,6.175179999999999,21.9234
25,0.0,62,14,2018,21,0,1,16,8,1,10,Sunny,8,7.3335137,11.695945,-8,-4.3624313,0.6664862999999999,4.304055
26,0.0,61,13,2018,21,0,1,9,12,1,11,Sunny,8,9.534603,12.642392,3,-3.1077889999999986,2.4653969999999994,-3.642391999999999
26,0.0,61,13,2018,21,0,1,18,16,1,12,Sunny,8,10.092875,13.965058,-2,-3.8721830000000015,5.907125000000001,4.034941999999999
26,0.0,62,15,2018,21,0,1,21,10,1,13,Sunny,8,11.011641,13.466467,-11,-2.4548260000000006,-1.0116409999999991,7.533533
26,0.0,64,17,2018,21,0,1,17,16,1,14,Partly cloudy,8,12.33608,15.90035,-1,-3.5642699999999987,3.663919999999999,1.0996500000000005
25,0.0,66,19,2018,21,0,1,17,15,1,15,Partly cloudy,8,12.926609,13.308799,-2,-0.38219000000000136,2.073391000000001,3.6912009999999995
25,0.0,69,18,2018,21,0,1,26,28,1,16,Partly cloudy,8,13.938552,15.455457,2,-1.5169049999999995,14.061448,10.544543
24,0.0,72,16,2018,21,0,1,36,66,1,17,Cloudy,8,48.66445,29.428915,30,19.235535000000002,17.335549999999998,6.571085
24,0.0,76,15,2018,21,0,1,60,78,1,18,Cloudy,8,59.53089,43.615448,18,15.915441999999999,18.46911,16.384552
23,0.0,77,16,2018,21,0,1,51,58,1,19,Cloudy,8,41.055813,32.834995,7,8.220818000000001,16.944187,18.165005
23,0.2,79,17,2018,21,0,1,28,22,1,20,Light rain shower,8,25.14448,20.269724,-6,4.874756000000001,-3.1444800000000015,7.730276
23,0.3,81,18,2018,21,0,1,15,26,1,21,Light rain shower,8,12.920752,14.04995,11,-1.1291980000000006,13.079248,0.9500499999999992
23,0.2,83,19,2018,21,0,1,10,5,1,22,Light rain shower,8,6.196793,6.7621584,-5,-0.5653653999999992,-1.1967930000000004,3.2378416000000003
23,1.7,85,19,2018,21,0,1,2,4,1,23,Moderate or heavy rain shower,8,2.570944,3.881604,2,-1.31066,1.429056,-1.8816039999999998
23,3.3,87,19,2018,22,0,1,0,0,2,0,Moderate or heavy rain shower,8,1.2323371,1.1228726,0,0.10946450000000008,-1.2323371,-1.1228726
23,1.7,88,17,2018,22,0,1,0,0,2,1,Moderate or heavy rain shower,8,1.3599081,1.0355473,0,0.3243608,-1.3599081,-1.0355473
23,1.2,88,15,2018,22,0,1,0,0,2,2,Moderate rain,8,0.96836394,0.92468333,0,0.04368061000000001,-0.96836394,-0.92468333
23,1.6,89,13,2018,22,0,1,0,0,2,3,Moderate rain,8,0.96029836,0.91483825,0,0.045460110000000054,-0.96029836,-0.91483825
23,0.8,86,12,2018,22,0,1,0,2,2,4,Moderate rain,8,0.9331681,0.8866195,2,0.04654859999999994,1.0668319,-0.8866195
23,1.2,84,12,2018,22,0,1,1,1,2,5,Moderate rain at times,8,1.1586412,1.4701971,0,-0.3115559000000001,-0.15864119999999993,-0.47019710000000003
24,1.6,81,12,2018,22,0,1,8,7,2,6,Moderate rain at times,8,2.8512795,7.5191493,-1,-4.6678698,4.1487205,0.4808507000000004
24,0.8,77,14,2018,22,0,1,22,9,2,7,Moderate rain at times,8,13.794641,24.396544,-13,-10.601902999999998,-4.794641,-2.3965439999999987
25,0.0,73,16,2018,22,0,1,66,30,2,8,Partly cloudy,8,30.822327,69.79587,-36,-38.97354299999999,-0.8223270000000014,-3.7958699999999936
26,0.0,68,18,2018,22,0,1,50,15,2,9,Partly cloudy,8,19.485588,42.76044,-35,-23.274852000000003,-4.485588,7.239559999999997
27,0.0,63,17,2018,22,0,1,12,13,2,10,Partly cloudy,8,10.365171,15.609937,1,-5.244766,2.634829,-3.6099370000000004
28,0.1,58,17,2018,22,0,1,12,16,2,11,Patchy rain possible,8,8.56842,11.141577,4,-2.573157,7.43158,0.8584230000000002
29,0.1,53,16,2018,22,0,1,14,13,2,12,Patchy rain possible,8,13.698617,16.571949,-1,-2.8733319999999996,-0.6986170000000005,-2.571949
29,0.0,52,18,2018,22,0,1,7,16,2,13,Patchy rain possible,8,14.247188,16.42043,9,-2.173242,1.7528120000000005,-9.42043
29,0.0,51,19,2018,22,0,1,19,12,2,14,Sunny,8,13.706977,16.337616,-7,-2.6306390000000004,-1.7069770000000002,2.6623839999999994
29,0.0,50,21,2018,22,0,1,37,23,2,15,Sunny,8,16.523434,17.293158,-14,-0.7697239999999965,6.476565999999998,19.706842
28,0.0,52,19,2018,22,0,1,21,22,2,16,Sunny,8,17.135061,17.593508,1,-0.4584469999999996,4.864939,3.406492
27,0.0,54,17,2018,22,0,1,42,66,2,17,Sunny,8,58.672657,37.612167,24,21.06049,7.327342999999999,4.3878330000000005
26,0.0,56,15,2018,22,0,1,63,84,2,18,Clear,8,74.559906,54.62634,21,19.933566,9.440094000000002,8.373660000000001
25,0.0,59,16,2018,22,0,1,39,40,2,19,Clear,8,54.72792,42.076965,1,12.650954999999996,-14.727919999999997,-3.0769650000000013
24,0.0,62,17,2018,22,0,1,23,25,2,20,Clear,8,33.108097,25.93134,2,7.176757000000002,-8.108097,-2.9313399999999987
23,0.0,65,19,2018,22,0,1,16,16,2,21,Clear,8,15.201974,13.449305,0,1.7526689999999991,0.7980260000000001,2.5506949999999993
23,0.0,66,18,2018,22,0,1,6,2,2,22,Clear,8,7.7040567,6.486472,-4,1.2175846999999997,-5.7040567,-0.486472
22,0.0,66,17,2018,22,0,1,3,7,2,23,Clear,8,3.536306,4.2295737,4,-0.6932677000000003,3.463694,-1.2295737000000004
22,0.0,67,15,2018,23,0,1,3,1,3,0,Clear,8,1.8102971,2.5558472,-2,-0.7455501,-0.8102971000000001,0.4441527999999999
22,0.0,67,15,2018,23,0,1,2,2,3,1,Clear,8,1.5351642,1.7060666,0,-0.1709023999999999,0.4648357999999999,0.2939334
22,0.0,67,15,2018,23,0,1,0,0,3,2,Partly cloudy,8,1.1006294,1.137413,0,-0.036783599999999916,-1.1006294,-1.137413
21,0.0,67,15,2018,23,0,1,0,0,3,3,Partly cloudy,8,0.8493673,1.2981641,0,-0.4487967999999999,-0.8493673,-1.2981641
21,0.0,64,15,2018,23,0,1,0,0,3,4,Partly cloudy,8,0.9213969,1.116457,0,-0.19506010000000007,-0.9213969,-1.116457
21,0.0,62,15,2018,23,0,1,1,3,3,5,Partly cloudy,8,1.1167978,2.5082753,2,-1.3914775000000001,1.8832022,-1.5082753000000002
21,0.0,59,14,2018,23,0,1,14,11,3,6,Partly cloudy,8,4.4142327,13.178166,-3,-8.763933299999998,6.5857673,0.8218340000000008
21,0.0,54,15,2018,23,0,1,20,12,3,7,Partly cloudy,8,13.7617445,30.494747,-8,-16.733002499999998,-1.7617445000000007,-10.494747
22,0.0,50,15,2018,23,0,1,67,32,3,8,Sunny,8,26.954632,64.033295,-35,-37.07866299999999,5.045368,2.9667050000000046
23,0.0,45,16,2018,23,0,1,59,16,3,9,Sunny,8,19.284527,42.94096,-43,-23.656432999999996,-3.2845270000000006,16.059040000000003
24,0.0,41,15,2018,23,0,1,9,11,3,10,Sunny,8,9.328876,14.584111,2,-5.255235000000001,1.6711240000000007,-5.584111
25,0.0,38,14,2018,23,0,1,12,7,3,11,Sunny,8,11.000605,14.2327175,-5,-3.2321124999999995,-4.000605,-2.2327174999999997
27,0.0,34,13,2018,23,0,1,7,12,3,12,Sunny,8,11.727981,16.613407,5,-4.885425999999999,0.27201900000000023,-9.613406999999999
27,0.0,36,14,2018,23,0,1,21,14,3,13,Sunny,8,14.110693,16.935228,-7,-2.824534999999999,-0.11069299999999949,4.064772000000001
26,0.0,37,14,2018,23,0,1,19,26,3,14,Sunny,8,14.324137,17.352411,7,-3.0282739999999997,11.675863,1.647589
26,0.0,39,14,2018,23,0,1,26,22,3,15,Sunny,8,16.087946,16.763733,-4,-0.6757869999999997,5.912054000000001,9.236267000000002
26,0.0,41,13,2018,23,0,1,25,27,3,16,Sunny,8,19.599825,19.741514,2,-0.1416889999999995,7.400175000000001,5.258486000000001
26,0.0,43,11,2018,23,0,1,48,83,3,17,Sunny,8,59.334373,37.678944,35,21.655428999999998,23.665627,10.321055999999999
25,0.0,45,10,2018,23,0,1,59,84,3,18,Clear,8,70.59039,51.229683,25,19.360706999999998,13.40961,7.770316999999999
25,0.0,47,11,2018,23,0,1,47,62,3,19,Clear,8,54.24655,41.471737,15,12.774813000000002,7.753450000000001,5.528263000000003
24,0.0,50,12,2018,23,0,1,32,32,3,20,Clear,8,31.565462,24.134375,0,7.4310870000000016,0.43453799999999987,7.865625000000001
23,0.0,53,14,2018,23,0,1,19,21,3,21,Clear,8,13.813159,12.592094,2,1.2210650000000012,7.186840999999999,6.4079060000000005
24,0.0,54,12,2018,23,0,1,16,16,3,22,Clear,8,7.2121596,6.9051003,0,0.3070592999999997,8.7878404,9.0948997
24,0.0,56,10,2018,23,0,1,8,9,3,23,Clear,8,3.879369,5.539559,1,-1.6601899999999996,5.1206309999999995,2.4604410000000003
24,0.0,57,8,2018,24,0,1,0,0,4,0,Clear,8,1.7265762,2.010943,0,-0.28436680000000014,-1.7265762,-2.010943
24,0.0,57,7,2018,24,0,1,0,0,4,1,Clear,8,1.2622478,1.4038311,0,-0.1415833000000002,-1.2622478,-1.4038311
24,0.0,57,6,2018,24,0,1,0,0,4,2,Clear,8,1.067828,1.3887244,0,-0.3208964000000001,-1.067828,-1.3887244
24,0.0,58,5,2018,24,0,1,0,0,4,3,Clear,8,0.8149331,0.9986245,0,-0.18369140000000006,-0.8149331,-0.9986245
24,0.0,56,5,2018,24,0,1,0,0,4,4,Clear,8,0.90693843,1.0349687,0,-0.1280302700000001,-0.90693843,-1.0349687
24,0.0,55,5,2018,24,0,1,0,0,4,5,Clear,8,1.1577528,1.317471,0,-0.15971820000000014,-1.1577528,-1.317471
23,0.0,54,5,2018,24,0,1,11,8,4,6,Sunny,8,2.8931317,10.74408,-3,-7.850948300000001,5.1068683,0.2559199999999997
25,0.0,52,4,2018,24,0,1,25,13,4,7,Sunny,8,14.41505,29.050955,-12,-14.635904999999998,-1.4150500000000008,-4.050954999999998
26,0.0,50,3,2018,24,0,1,64,24,4,8,Sunny,8,28.398487,64.65981,-40,-36.26132299999999,-4.398486999999999,-0.6598099999999931
28,0.0,48,3,2018,24,0,1,39,18,4,9,Sunny,8,18.421097,39.652832,-21,-21.231734999999997,-0.4210969999999996,-0.6528319999999965
29,0.0,44,4,2018,24,0,1,16,10,4,10,Sunny,8,14.380818,19.007421,-6,-4.626603000000001,-4.380818,-3.007421000000001
29,0.0,41,6,2018,24,0,1,12,14,4,11,Sunny,8,12.238169,15.399103,2,-3.160934000000001,1.7618310000000008,-3.399103
30,0.0,38,7,2018,24,0,1,18,12,4,12,Sunny,8,13.819856,17.80877,-6,-3.9889139999999994,-1.8198559999999997,0.1912300000000009
30,0.0,38,8,2018,24,0,1,21,23,4,13,Sunny,8,17.057732,19.082947,2,-2.0252149999999993,5.9422679999999986,1.9170529999999992
30,0.0,39,9,2018,24,0,1,18,18,4,14,Sunny,8,20.205261,21.734352,0,-1.529091000000001,-2.205261,-3.7343520000000012
30,0.0,39,10,2018,24,0,1,35,34,4,15,Sunny,8,24.152718,22.823618,-1,1.3291000000000004,9.847282,12.176382
29,0.0,41,11,2018,24,0,1,40,41,4,16,Sunny,8,30.940657,26.688787,1,4.25187,10.059342999999998,13.311212999999999
28,0.0,44,12,2018,24,0,1,52,77,4,17,Sunny,8,62.40553,40.570267,25,21.835262999999998,14.594470000000001,11.429732999999999
27,0.0,46,13,2018,24,0,1,41,69,4,18,Clear,8,58.369965,42.192585,28,16.17738,10.630035,-1.1925850000000011
27,0.0,48,12,2018,24,0,1,40,47,4,19,Clear,8,41.293243,32.455753,7,8.837489999999995,5.706757000000003,7.544246999999999
26,0.0,50,11,2018,24,0,1,36,32,4,20,Clear,8,22.400574,18.444427,-4,3.956146999999998,9.599426000000001,17.555573
26,0.0,52,11,2018,24,0,1,15,12,4,21,Clear,8,11.447026,10.901282,-3,0.5457439999999991,0.5529740000000007,4.098718
26,0.0,53,11,2018,24,0,1,7,16,4,22,Clear,8,8.205587,7.659583,9,0.5460039999999999,7.7944130000000005,-0.6595829999999996
26,0.0,53,11,2018,24,0,1,9,6,4,23,Clear,8,4.539153,5.796834,-3,-1.2576809999999998,1.4608470000000002,3.2031660000000004
26,0.0,54,12,2018,25,0,0,1,3,5,0,Clear,8,2.730338,2.9660394,2,-0.23570139999999995,0.26966199999999985,-1.9660394
25,0.0,55,10,2018,25,0,0,6,1,5,1,Clear,8,2.3300576,2.9278445,-5,-0.5977869,-1.3300576,3.0721555
25,0.0,56,8,2018,25,0,0,5,0,5,2,Clear,8,3.5516145,2.2118642,-5,1.3397503,-3.5516145,2.7881358
25,0.0,56,6,2018,25,0,0,0,0,5,3,Clear,8,3.1645672,2.7093518,0,0.45521540000000016,-3.1645672,-2.7093518
24,0.0,56,5,2018,25,0,0,0,1,5,4,Clear,8,2.2565014,1.4976455,1,0.7588558999999999,-1.2565013999999999,-1.4976455
24,0.0,55,3,2018,25,0,0,0,2,5,5,Clear,8,0.9545033,0.98937917,2,-0.03487586999999992,1.0454967,-0.98937917
23,0.0,54,1,2018,25,0,0,2,0,5,6,Sunny,8,1.2459636,1.8074657,-2,-0.5615021,-1.2459636,0.19253429999999994
24,0.0,52,3,2018,25,0,0,4,3,5,7,Sunny,8,1.8407699,2.469994,-1,-0.6292240999999998,1.1592301,1.5300060000000002
25,0.0,49,6,2018,25,0,0,4,7,5,8,Partly cloudy,8,6.2378917,6.0468845,3,0.1910071999999996,0.7621083000000004,-2.0468845
26,0.0,46,8,2018,25,0,0,18,20,5,9,Partly cloudy,8,16.631723,23.593725,2,-6.962001999999998,3.368276999999999,-5.593724999999999
26,0.0,44,9,2018,25,0,0,16,18,5,10,Partly cloudy,8,21.70912,25.72554,2,-4.01642,-3.7091199999999986,-9.725539999999999
27,0.0,43,9,2018,25,0,0,20,20,5,11,Cloudy,8,30.867481,29.587877,0,1.2796040000000026,-10.867481000000002,-9.587876999999999
27,0.0,42,10,2018,25,0,0,43,36,5,12,Cloudy,8,35.501587,35.24299,-7,0.25859700000000174,0.49841299999999933,7.757010000000001
27,0.0,43,10,2018,25,0,0,80,65,5,13,Cloudy,8,35.68118,36.078194,-15,-0.39701400000000575,29.318820000000002,43.921806
27,0.0,44,11,2018,25,0,0,46,46,5,14,Sunny,8,38.891094,36.88882,0,2.002274,7.1089059999999975,9.111179999999997
27,0.0,45,12,2018,25,0,0,55,55,5,15,Sunny,8,37.645172,36.173325,0,1.471847000000004,17.354827999999998,18.826675
26,0.0,47,11,2018,25,0,0,32,35,5,16,Sunny,8,37.428627,35.86397,3,1.5646569999999969,-2.4286269999999988,-3.863970000000002
26,0.0,49,11,2018,25,0,0,35,32,5,17,Sunny,8,37.56858,28.976427,-3,8.592152999999996,-5.568579999999997,6.023572999999999
26,0.0,52,10,2018,25,0,0,38,37,5,18,Clear,8,43.83051,36.70688,-1,7.123629999999999,-6.830509999999997,1.2931200000000018
26,0.0,54,11,2018,25,0,0,23,41,5,19,Clear,8,33.270096,31.377485,18,1.8926110000000023,7.729903999999998,-8.377485
25,0.0,56,11,2018,25,0,0,11,16,5,20,Clear,8,22.576494,21.653011,5,0.9234830000000009,-6.576494,-10.653011
25,0.0,59,11,2018,25,0,0,14,14,5,21,Clear,8,13.356101,12.273035,0,1.0830660000000005,0.6438989999999993,1.7269649999999999
24,0.0,60,10,2018,25,0,0,15,14,5,22,Clear,8,7.650322,6.9952507,-1,0.6550713000000004,6.349678,8.0047493
24,0.0,60,9,2018,25,0,0,4,2,5,23,Clear,8,6.083351,6.113152,-2,-0.029800999999999966,-4.083351,-2.1131520000000004
24,0.0,61,9,2018,26,0,0,3,2,6,0,Clear,8,2.8168745,2.8851016,-1,-0.0682271000000001,-0.8168745,0.11489839999999996
23,0.0,62,9,2018,26,0,0,1,0,6,1,Clear,8,1.8804706,2.5745916,-1,-0.6941210000000002,-1.8804706,-1.5745916000000002
22,0.0,64,9,2018,26,0,0,1,0,6,2,Clear,8,2.0930655,1.4428123,-1,0.6502531999999999,-2.0930655,-0.44281229999999994
22,0.0,65,9,2018,26,0,0,2,1,6,3,Clear,8,1.4600167,1.4592993,-1,0.0007173999999998681,-0.46001669999999995,0.5407006999999999
22,0.0,65,9,2018,26,0,0,0,1,6,4,Clear,8,1.6147045,1.132068,1,0.4826364999999999,-0.6147045,-1.132068
22,0.0,65,8,2018,26,0,0,1,0,6,5,Clear,8,0.8776976,0.95835716,-1,-0.08065956000000007,-0.8776976,0.04164283999999996
23,0.0,66,8,2018,26,0,0,0,0,6,6,Sunny,8,1.2020661,1.8685186,0,-0.6664525000000001,-1.2020661,-1.8685186
24,0.0,63,10,2018,26,0,0,3,2,6,7,Sunny,8,1.6336919,2.5126693,-1,-0.8789774000000001,0.3663080999999999,0.4873306999999998
25,0.0,61,12,2018,26,0,0,4,3,6,8,Sunny,8,5.5924845,5.541819,-1,0.05066550000000003,-2.5924845000000003,-1.5418190000000003
26,0.0,58,14,2018,26,0,0,14,10,6,9,Sunny,8,14.507967,20.580717,-4,-6.072749999999999,-4.507967000000001,-6.580717
27,0.0,56,13,2018,26,0,0,12,20,6,10,Sunny,8,16.89242,20.721281,8,-3.828861,3.1075799999999987,-8.721281000000001
28,0.0,54,13,2018,26,0,0,55,37,6,11,Partly cloudy,8,27.37608,27.567757,-18,-0.19167699999999854,9.623919999999998,27.432243
29,0.0,52,12,2018,26,0,0,32,37,6,12,Partly cloudy,8,31.88903,34.709175,5,-2.820145,5.110969999999998,-2.709175000000002
29,0.0,53,13,2018,26,0,0,52,29,6,13,Partly cloudy,8,33.935875,36.167618,-23,-2.2317429999999945,-4.935875000000003,15.832382000000003
29,0.0,54,14,2018,26,0,0,22,19,6,14,Overcast,8,39.60545,36.7143,-3,2.891149999999996,-20.605449999999998,-14.714300000000001
29,0.0,54,14,2018,26,0,0,40,40,6,15,Overcast,8,37.44637,34.678116,0,2.768253999999999,2.5536299999999983,5.321883999999997
29,0.0,57,14,2018,26,0,0,34,41,6,16,Overcast,8,36.270966,33.534866,7,2.7361000000000004,4.729033999999999,0.46513399999999905
28,0.0,59,14,2018,26,0,0,32,25,6,17,Partly cloudy,8,36.737926,27.85104,-7,8.886886,-11.737926000000002,4.148959999999999
28,0.0,61,13,2018,26,0,0,37,50,6,18,Partly cloudy,8,40.76261,36.23833,13,4.5242800000000045,9.237389999999998,0.7616700000000023
27,0.0,64,13,2018,26,0,0,32,30,6,19,Partly cloudy,8,32.615345,33.162384,-2,-0.5470390000000052,-2.615344999999998,-1.162384000000003
27,0.0,66,13,2018,26,0,0,19,11,6,20,Partly cloudy,8,23.873081,24.738674,-8,-0.8655930000000005,-12.873080999999999,-5.738674
26,0.0,68,13,2018,26,0,0,8,11,6,21,Partly cloudy,8,11.114938,11.526336,3,-0.41139800000000015,-0.11493800000000043,-3.5263360000000006
26,0.0,69,13,2018,26,0,0,12,6,6,22,Partly cloudy,8,6.39216,5.681449,-6,0.7107109999999999,-0.3921599999999996,6.318551
25,0.0,71,13,2018,26,0,0,1,6,6,23,Partly cloudy,8,4.80754,4.4462185,5,0.36132150000000074,1.1924599999999996,-3.4462184999999996
25,0.0,72,13,2018,27,0,1,3,6,0,0,Partly cloudy,8,1.8548825,2.4720814,3,-0.6171989,4.1451175,0.5279186
25,0.0,75,12,2018,27,0,1,2,1,0,1,Partly cloudy,8,1.6036681,1.6790526,-1,-0.07538449999999997,-0.6036680999999999,0.3209474000000001
25,0.0,78,12,2018,27,0,1,1,1,0,2,Clear,8,1.2354056,1.449662,0,-0.2142564,-0.2354056,-0.449662
24,0.0,81,11,2018,27,0,1,0,0,0,3,Clear,8,0.90711665,1.0827454,0,-0.1756287500000001,-0.90711665,-1.0827454
25,0.0,80,9,2018,27,0,1,0,1,0,4,Clear,8,0.8239805,1.0558515,1,-0.23187099999999994,0.1760195,-1.0558515
25,0.0,79,7,2018,27,0,1,1,2,0,5,Clear,8,1.1796508,1.4208741,1,-0.24122329999999992,0.8203491999999999,-0.42087410000000003
26,0.0,78,5,2018,27,0,1,13,8,0,6,Sunny,8,3.481223,10.222628,-5,-6.741405,4.518777,2.7773719999999997
27,0.0,73,5,2018,27,0,1,20,13,0,7,Sunny,8,16.472027,31.993,-7,-15.520972999999998,-3.4720270000000006,-11.992999999999999
28,0.0,68,5,2018,27,0,1,54,26,0,8,Sunny,8,29.616932,63.903324,-28,-34.286392,-3.6169319999999985,-9.903323999999998
30,0.0,63,5,2018,27,0,1,45,19,0,9,Sunny,8,18.153723,36.79558,-26,-18.641857,0.8462770000000006,8.204419999999999
31,0.0,59,5,2018,27,0,1,20,8,0,10,Sunny,8,11.156979,16.265558,-12,-5.108578999999999,-3.1569789999999998,3.7344420000000014
32,0.0,54,5,2018,27,0,1,33,25,0,11,Sunny,8,11.249046,14.958587,-8,-3.7095409999999998,13.750954,18.041413
33,0.0,50,5,2018,27,0,1,17,27,0,12,Sunny,8,13.480166,17.780342,10,-4.300176,13.519834,-0.780342000000001
33,0.0,50,7,2018,27,0,1,21,10,0,13,Sunny,8,15.970081,19.081114,-11,-3.111032999999999,-5.970081,1.9188860000000005
33,0.0,50,8,2018,27,0,1,10,11,0,14,Sunny,8,17.7042,20.840443,1,-3.1362430000000003,-6.7042,-10.840443
33,0.0,51,9,2018,27,0,1,13,18,0,15,Sunny,8,17.294218,19.073624,5,-1.779405999999998,0.7057819999999992,-6.073623999999999
32,0.0,53,9,2018,27,0,1,13,24,0,16,Sunny,8,20.310194,21.389656,11,-1.0794619999999995,3.689806000000001,-8.389655999999999
31,0.0,55,9,2018,27,0,1,44,56,0,17,Partly cloudy,8,62.937267,41.35928,12,21.577987,-6.9372669999999985,2.6407200000000017
30,0.0,58,9,2018,27,0,1,48,84,0,18,Partly cloudy,8,73.693756,57.29638,36,16.397375999999994,10.306244000000007,-9.29638
30,0.0,62,10,2018,27,0,1,47,60,0,19,Partly cloudy,8,55.65083,46.425236,13,9.225594000000001,4.349170000000001,0.5747640000000018
29,0.0,66,11,2018,27,0,1,24,23,0,20,Partly cloudy,8,34.098766,28.58532,-1,5.513445999999998,-11.098765999999998,-4.585319999999999
28,0.0,70,12,2018,27,0,1,14,13,0,21,Partly cloudy,8,17.209545,19.467382,-1,-2.257837000000002,-4.2095449999999985,-5.467382000000001
28,0.0,73,11,2018,27,0,1,8,4,0,22,Partly cloudy,8,8.99378,10.270919,-4,-1.277139,-4.993779999999999,-2.2709189999999992
27,0.0,75,11,2018,27,0,1,3,4,0,23,Clear,8,3.9305642,5.317148,1,-1.3865838000000004,0.06943579999999994,-2.3171480000000004
27,0.0,78,11,2018,28,0,1,2,2,1,0,Clear,8,1.8409889,2.4455333,0,-0.6045444000000002,0.15901110000000007,-0.44553330000000013
27,0.0,79,11,2018,28,0,1,0,0,1,1,Clear,8,1.4243791,1.5991559,0,-0.17477680000000007,-1.4243791,-1.5991559
27,0.4,81,11,2018,28,0,1,1,0,1,2,Patchy rain possible,8,1.0204782,1.0196273,-1,0.0008508999999998768,-1.0204782,-0.019627300000000014
26,0.6,82,10,2018,28,0,1,0,0,1,3,Patchy rain possible,8,0.8036064,1.0258603,0,-0.2222538999999999,-0.8036064,-1.0258603
26,0.3,81,9,2018,28,0,1,0,0,1,4,Patchy rain possible,8,0.74704206,0.9774464,0,-0.2304043400000001,-0.74704206,-0.9774464
27,0.7,80,7,2018,28,0,1,4,5,1,5,Patchy rain possible,8,1.0494012,2.7328556,1,-1.6834544000000002,3.9505988,1.2671443999999998
27,1.0,78,5,2018,28,0,1,11,7,1,6,Patchy rain possible,8,4.2406325,12.132124,-4,-7.891491499999999,2.7593674999999998,-1.1321239999999992
28,0.5,72,6,2018,28,0,1,38,12,1,7,Patchy rain possible,8,16.727165,31.759853,-26,-15.032688,-4.727164999999999,6.240147
30,0.1,66,7,2018,28,0,1,60,29,1,8,Sunny,8,34.48713,74.42839,-31,-39.94125999999999,-5.4871300000000005,-14.428389999999993
32,0.1,60,8,2018,28,0,1,40,15,1,9,Sunny,8,20.426096,43.150185,-25,-22.724089,-5.426096000000001,-3.1501850000000005
33,0.1,55,10,2018,28,0,1,20,15,1,10,Sunny,8,12.363971,18.346872,-5,-5.982901000000002,2.6360290000000006,1.6531279999999988
34,0.1,50,11,2018,28,0,1,11,9,1,11,Sunny,8,14.597276,18.447466,-2,-3.850189999999998,-5.597276000000001,-7.447465999999999
35,0.1,45,13,2018,28,0,1,10,8,1,12,Sunny,8,16.581968,21.258778,-2,-4.67681,-8.581968,-11.258778
35,0.1,45,14,2018,28,0,1,13,10,1,13,Sunny,8,17.577469,19.56155,-3,-1.9840809999999998,-7.577469000000001,-6.56155
34,0.0,45,16,2018,28,0,1,8,7,1,14,Sunny,8,17.75125,20.811327,-1,-3.0600769999999997,-10.751249999999999,-12.811326999999999
34,0.0,44,18,2018,28,0,1,12,16,1,15,Sunny,8,19.913885,20.294115,4,-0.38023000000000096,-3.9138850000000005,-8.294115000000001
33,0.0,48,17,2018,28,0,1,19,30,1,16,Sunny,8,20.606747,20.677536,11,-0.07078900000000132,9.393253000000001,-1.677536
33,0.0,51,17,2018,28,0,1,29,69,1,17,Sunny,8,65.48435,42.76317,40,22.721180000000004,3.5156499999999937,-13.763170000000002
32,0.0,55,16,2018,28,0,1,39,73,1,18,Clear,8,80.44355,59.845444,34,20.598106,-7.443550000000002,-20.845444
31,0.0,58,16,2018,28,0,1,36,40,1,19,Clear,8,60.8165,47.289856,4,13.526643999999997,-20.816499999999998,-11.289856
30,0.0,62,16,2018,28,0,1,26,34,1,20,Clear,8,38.321175,29.354124,8,8.967050999999998,-4.321174999999997,-3.3541239999999988
30,0.0,65,17,2018,28,0,1,15,14,1,21,Clear,8,19.375069,17.344444,-1,2.0306250000000006,-5.375069,-2.3444439999999993
29,0.0,67,16,2018,28,0,1,7,7,1,22,Clear,8,9.886866,9.307192,0,0.5796739999999989,-2.8868659999999995,-2.3071920000000006
29,0.2,69,16,2018,28,0,1,3,2,1,23,Clear,8,4.701166,6.5331197,-1,-1.8319537000000006,-2.7011659999999997,-3.5331197000000003
29,0.4,71,16,2018,29,0,1,2,2,2,0,Clear,8,1.6938454,1.9665098,0,-0.27266440000000003,0.30615459999999994,0.033490199999999914
28,0.2,71,15,2018,29,0,1,0,1,2,1,Clear,8,1.9105091,1.8489865,1,0.06152259999999998,-0.9105091000000001,-1.8489865
28,0.1,71,14,2018,29,0,1,0,0,2,2,Clear,8,1.0837374,1.1916509,0,-0.1079135,-1.0837374,-1.1916509
28,0.1,71,13,2018,29,0,1,0,0,2,3,Clear,8,0.9098041,1.0045172,0,-0.0947131,-0.9098041,-1.0045172
28,0.0,71,10,2018,29,0,1,0,1,2,4,Clear,8,1.0368733,1.0225401,1,0.014333200000000046,-0.03687330000000011,-1.0225401
28,0.1,71,8,2018,29,0,1,2,2,2,5,Clear,8,1.4631536,1.2312533,0,0.23190029999999995,0.5368464,0.7687466999999999
28,0.1,71,5,2018,29,0,1,10,7,2,6,Sunny,8,4.318018,13.65651,-3,-9.338492,2.6819819999999996,-3.656510000000001
29,0.0,65,8,2018,29,0,1,21,16,2,7,Sunny,8,20.643755,36.187958,-5,-15.544203000000003,-4.643754999999999,-15.187958000000002
31,0.0,60,10,2018,29,0,1,60,25,2,8,Sunny,8,37.373714,76.58492,-35,-39.211206,-12.373714,-16.584919999999997
32,0.0,54,12,2018,29,0,1,31,14,2,9,Sunny,8,23.92158,46.538467,-17,-22.616887,-9.921579999999999,-15.538466999999997
33,0.0,52,13,2018,29,0,1,3,7,2,10,Sunny,8,14.810065,19.704523,4,-4.894457999999998,-7.810065,-16.704523
34,0.0,49,14,2018,29,0,1,6,8,2,11,Sunny,8,13.570606,17.628595,2,-4.057989000000001,-5.570606,-11.628595
34,0.0,46,14,2018,29,0,1,11,9,2,12,Sunny,8,16.303175,20.625544,-2,-4.322369000000002,-7.3031749999999995,-9.625544000000001
34,0.0,46,15,2018,29,0,1,8,8,2,13,Sunny,8,16.67286,18.588358,0,-1.9154979999999995,-8.67286,-10.588358
34,0.0,45,17,2018,29,0,1,8,11,2,14,Sunny,8,17.445383,20.232855,3,-2.787472000000001,-6.445383,-12.232855
34,0.0,45,18,2018,29,0,1,9,15,2,15,Sunny,8,20.016094,19.86388,6,0.15221399999999718,-5.016093999999999,-10.863880000000002
33,0.0,47,16,2018,29,0,1,9,15,2,16,Sunny,8,21.083193,20.03236,6,1.0508330000000008,-6.083193000000001,-11.03236
33,0.0,49,15,2018,29,0,1,40,57,2,17,Sunny,8,66.5357,43.3156,17,23.220100000000002,-9.535700000000006,-3.3156000000000034
32,0.0,50,13,2018,29,0,1,60,57,2,18,Clear,8,82.941574,61.417736,-3,21.523838000000005,-25.941574000000003,-1.4177359999999979
31,0.0,54,14,2018,29,0,1,40,43,2,19,Clear,8,62.31857,48.096092,3,14.222478000000002,-19.31857,-8.096091999999999
31,0.0,57,15,2018,29,0,1,25,32,2,20,Clear,8,40.433804,30.936474,7,9.497330000000002,-8.433804000000002,-5.9364740000000005
30,0.0,61,17,2018,29,0,1,9,23,2,21,Clear,8,20.88818,18.25434,14,2.6338399999999993,2.1118200000000016,-9.25434
29,0.0,63,16,2018,29,0,1,8,8,2,22,Clear,8,10.397611,9.244192,0,1.1534189999999995,-2.3976109999999995,-1.244192
29,0.0,65,16,2018,29,0,1,2,1,2,23,Clear,8,5.8510995,7.018237,-1,-1.1671375,-4.8510995,-5.018237
29,0.0,67,15,2018,30,0,1,2,0,3,0,Clear,8,3.0511777,3.580996,-2,-0.5298182999999996,-3.0511777,-1.5809959999999998
28,0.0,68,14,2018,30,0,1,0,0,3,1,Clear,8,2.378337,2.5782804,0,-0.1999434,-2.378337,-2.5782804
28,0.0,70,13,2018,30,0,1,1,0,3,2,Clear,8,1.2680435,1.684345,-1,-0.4163014999999999,-1.2680435,-0.684345
27,0.0,71,12,2018,30,0,1,0,1,3,3,Clear,8,0.8044779,1.0098952,1,-0.20541730000000014,0.19552210000000003,-1.0098952
27,0.0,70,12,2018,30,0,1,0,0,3,4,Clear,8,0.8182148,1.0788447,0,-0.2606299000000001,-0.8182148,-1.0788447
27,0.0,69,12,2018,30,0,1,2,1,3,5,Clear,8,1.107565,1.6696773,-1,-0.5621123000000001,-0.10756499999999991,0.33032269999999997
26,0.0,68,13,2018,30,0,1,10,7,3,6,Sunny,8,4.2762194,13.391251,-3,-9.115031600000002,2.7237806000000004,-3.3912510000000005
28,0.0,64,13,2018,30,0,1,34,14,3,7,Sunny,8,17.044289,34.589645,-20,-17.545355999999998,-3.044288999999999,-0.5896449999999973
29,0.0,61,14,2018,30,0,1,50,26,3,8,Sunny,8,32.232983,72.31554,-24,-40.082557,-6.232982999999997,-22.31554
30,0.0,57,14,2018,30,0,1,26,14,3,9,Sunny,8,23.38774,47.337444,-12,-23.949703999999997,-9.38774,-21.337443999999998
30,0.0,54,12,2018,30,0,1,7,7,3,10,Sunny,8,12.047938,17.86543,0,-5.817492,-5.047938,-10.86543
31,0.0,52,10,2018,30,0,1,9,3,3,11,Cloudy,8,17.389385,20.458397,-6,-3.0690120000000007,-14.389385,-11.458397000000001
32,0.0,50,8,2018,30,0,1,9,12,3,12,Cloudy,8,18.373222,20.364317,3,-1.9910950000000014,-6.373221999999998,-11.364317
32,0.0,51,7,2018,30,0,1,10,7,3,13,Cloudy,8,20.524446,21.153912,-3,-0.6294659999999972,-13.524446000000001,-11.153911999999998
31,0.0,52,7,2018,30,0,1,7,7,3,14,Overcast,8,19.185648,19.902304,0,-0.7166560000000004,-12.185648,-12.902304
31,0.0,54,6,2018,30,0,1,22,23,3,15,Overcast,8,19.651058,18.661234,1,0.9898239999999987,3.348942000000001,3.3387659999999997
31,0.0,55,7,2018,30,0,1,22,34,3,16,Overcast,8,18.68155,18.044706,12,0.636844,15.318449999999999,3.9552939999999985
30,0.0,57,7,2018,30,0,1,29,55,3,17,Partly cloudy,8,63.890697,41.88414,26,22.006557,-8.890697000000003,-12.884140000000002
30,0.0,59,7,2018,30,0,1,42,55,3,18,Partly cloudy,8,70.78583,54.487457,13,16.298373000000005,-15.785830000000004,-12.487457
28,0.0,60,9,2018,30,0,1,30,44,3,19,Partly cloudy,8,51.20273,42.279713,14,8.923017000000002,-7.2027300000000025,-12.279713000000001
27,0.1,61,10,2018,30,0,1,16,16,3,20,Patchy rain possible,8,30.02096,23.568695,0,6.452264999999997,-14.020959999999999,-7.568695000000002
26,0.1,62,12,2018,30,0,1,11,15,3,21,Patchy rain possible,8,13.871276,15.2345,4,-1.3632240000000007,1.128724,-4.234500000000001
26,0.0,62,13,2018,30,0,1,9,8,3,22,Patchy rain possible,8,7.0005803,8.640911,-1,-1.640330699999999,0.9994196999999998,0.3590890000000009
25,0.1,63,14,2018,30,0,1,9,7,3,23,Light rain shower,8,6.3784213,9.2525835,-2,-2.8741622,0.6215786999999997,-0.25258350000000007
25,0.2,63,15,2018,31,0,1,3,1,4,0,Light rain shower,8,3.48862,3.1623642,-2,0.3262558000000002,-2.48862,-0.16236419999999985
24,0.1,67,17,2018,31,0,1,0,0,4,1,Light rain shower,8,1.2605269,1.2470534,0,0.013473499999999916,-1.2605269,-1.2470534
24,0.4,71,18,2018,31,0,1,0,0,4,2,Light rain shower,8,1.1378231,1.0747726,0,0.06305050000000012,-1.1378231,-1.0747726
23,0.5,75,19,2018,31,0,1,0,0,4,3,Light rain shower,8,0.8622362,1.0296319,0,-0.16739570000000004,-0.8622362,-1.0296319
23,0.2,76,18,2018,31,0,1,0,2,4,4,Light rain shower,8,1.0462953,1.0188819,2,0.02741339999999992,0.9537047000000001,-1.0188819
23,0.4,76,17,2018,31,0,1,1,2,4,5,Light rain shower,8,1.284726,1.6408603,1,-0.3561342999999999,0.715274,-0.6408602999999999
23,0.5,77,16,2018,31,0,1,5,2,4,6,Light rain shower,8,3.9421418,10.051629,-3,-6.1094872,-1.9421418,-5.051629
23,0.3,74,17,2018,31,0,1,17,16,4,7,Light rain shower,8,12.444112,24.494493,-1,-12.050380999999998,3.5558879999999995,-7.4944929999999985
24,0.1,72,19,2018,31,0,1,36,17,4,8,Light rain shower,8,22.62839,51.764782,-19,-29.136391999999997,-5.62839,-15.764781999999997
24,0.1,69,20,2018,31,0,1,27,14,4,9,Light rain shower,8,16.200485,34.53728,-13,-18.336795000000002,-2.2004850000000005,-7.537280000000003
24,0.1,67,18,2018,31,0,1,23,11,4,10,Light rain shower,8,11.05111,14.511807,-12,-3.4606969999999997,-0.051109999999999545,8.488193
25,0.1,66,16,2018,31,0,1,9,18,4,11,Patchy light drizzle,8,6.7505493,9.109821,9,-2.3592717,11.2494507,-0.10982100000000017
25,0.2,64,14,2018,31,0,1,14,8,4,12,Patchy light drizzle,8,9.337614,12.159011,-6,-2.8213969999999993,-1.3376140000000003,1.8409890000000004
25,0.1,64,16,2018,31,0,1,19,15,4,13,Patchy light drizzle,8,10.472986,13.663495,-4,-3.1905089999999987,4.527013999999999,5.336505000000001
25,0.2,64,18,2018,31,0,1,7,18,4,14,Light rain shower,8,13.034068,14.499861,11,-1.4657929999999997,4.9659320000000005,-7.499860999999999
25,0.3,64,19,2018,31,0,1,26,25,4,15,Light rain shower,8,14.802547,14.340137,-1,0.4624100000000002,10.197453,11.659863
24,0.2,65,19,2018,31,0,1,24,46,4,16,Light rain shower,8,17.196255,16.130344,22,1.0659109999999998,28.803745,7.869655999999999
24,0.2,66,20,2018,31,0,1,24,23,4,17,Light rain shower,8,44.220108,27.647942,-1,16.572166000000003,-21.220108000000003,-3.6479420000000005
23,0.3,67,20,2018,31,0,1,10,20,4,18,Light rain shower,8,40.505745,29.875038,10,10.630706999999997,-20.505744999999997,-19.875038
23,0.2,68,19,2018,31,0,1,14,15,4,19,Light rain shower,8,25.805307,22.074966,1,3.7303409999999992,-10.805306999999999,-8.074966
22,0.0,69,19,2018,31,0,1,9,11,4,20,Partly cloudy,8,16.48734,15.755519,2,0.731821,-5.48734,-6.755519
22,0.0,70,19,2018,31,0,1,8,7,4,21,Partly cloudy,8,9.240326,10.424086,-1,-1.1837600000000013,-2.2403259999999996,-2.424086000000001
22,0.0,71,18,2018,31,0,1,7,8,4,22,Partly cloudy,8,5.2567024,5.5458694,1,-0.28916699999999995,2.7432976,1.4541306
22,0.0,73,18,2018,31,0,1,5,2,4,23,Cloudy,8,3.7113407,5.625332,-3,-1.9139913000000002,-1.7113407,-0.6253320000000002
