year,month,day,hour,ausleihen,subrate,holidays,weekday,workday
2019,8,1,4,1,1.0,0,3,1
2019,8,1,5,3,1.0,0,3,1
2019,8,1,6,7,0.8571428571428571,0,3,1
2019,8,1,7,21,0.9523809523809524,0,3,1
2019,8,1,8,23,0.9130434782608696,0,3,1
2019,8,1,9,25,0.88,0,3,1
2019,8,1,10,21,0.7619047619047619,0,3,1
2019,8,1,11,17,0.5294117647058824,0,3,1
2019,8,1,12,15,0.7333333333333333,0,3,1
2019,8,1,13,18,0.6666666666666666,0,3,1
2019,8,1,14,16,0.5625,0,3,1
2019,8,1,15,19,0.7368421052631579,0,3,1
2019,8,1,16,18,0.7222222222222222,0,3,1
2019,8,1,17,57,0.8070175438596491,0,3,1
2019,8,1,18,97,0.8247422680412371,0,3,1
2019,8,1,19,55,0.8,0,3,1
2019,8,1,20,46,0.6739130434782609,0,3,1
2019,8,1,21,23,0.782608695652174,0,3,1
2019,8,1,22,13,0.6153846153846154,0,3,1
2019,8,1,23,6,0.8333333333333334,0,3,1
2019,8,2,0,1,1.0,0,4,1
2019,8,2,1,1,1.0,0,4,1
2019,8,2,2,1,1.0,0,4,1
2019,8,2,4,1,1.0,0,4,1
2019,8,2,5,1,1.0,0,4,1
2019,8,2,6,5,1.0,0,4,1
2019,8,2,7,22,0.9090909090909092,0,4,1
2019,8,2,8,19,0.9473684210526316,0,4,1
2019,8,2,9,24,1.0,0,4,1
2019,8,2,10,22,0.5909090909090909,0,4,1
2019,8,2,11,6,0.8333333333333334,0,4,1
2019,8,2,12,15,0.6666666666666666,0,4,1
2019,8,2,13,25,0.56,0,4,1
2019,8,2,14,21,0.7619047619047619,0,4,1
2019,8,2,15,18,0.8888888888888888,0,4,1
2019,8,2,16,32,0.8125,0,4,1
2019,8,2,17,65,0.8769230769230769,0,4,1
2019,8,2,18,78,0.7948717948717948,0,4,1
2019,8,2,19,59,0.7627118644067796,0,4,1
2019,8,2,20,30,0.8333333333333334,0,4,1
2019,8,2,21,20,0.85,0,4,1
2019,8,2,22,12,0.75,0,4,1
2019,8,2,23,2,0.5,0,4,1
2019,8,3,0,10,0.4,0,5,0
2019,8,3,1,3,0.3333333333333333,0,5,0
2019,8,3,2,6,0.1666666666666666,0,5,0
2019,8,3,5,1,0.0,0,5,0
2019,8,3,6,1,1.0,0,5,0
2019,8,3,7,8,0.875,0,5,0
2019,8,3,8,9,0.7777777777777778,0,5,0
2019,8,3,9,15,0.6,0,5,0
2019,8,3,10,37,0.5405405405405406,0,5,0
2019,8,3,11,45,0.4888888888888889,0,5,0
2019,8,3,12,28,0.5357142857142857,0,5,0
2019,8,3,13,33,0.4242424242424242,0,5,0
2019,8,3,14,36,0.6944444444444444,0,5,0
2019,8,3,15,44,0.4772727272727273,0,5,0
2019,8,3,16,32,0.53125,0,5,0
2019,8,3,17,43,0.3255813953488372,0,5,0
2019,8,3,18,34,0.6470588235294118,0,5,0
2019,8,3,19,26,0.5769230769230769,0,5,0
2019,8,3,20,25,0.36,0,5,0
2019,8,3,21,16,0.75,0,5,0
2019,8,3,22,8,0.5,0,5,0
2019,8,3,23,4,0.0,0,5,0
2019,8,4,0,1,1.0,0,6,0
2019,8,4,1,2,1.0,0,6,0
2019,8,4,6,1,1.0,0,6,0
2019,8,4,7,3,1.0,0,6,0
2019,8,4,8,8,0.75,0,6,0
2019,8,4,9,10,0.8,0,6,0
2019,8,4,10,21,0.5238095238095238,0,6,0
2019,8,4,11,14,0.4285714285714285,0,6,0
2019,8,4,12,47,0.425531914893617,0,6,0
2019,8,4,13,33,0.6060606060606061,0,6,0
2019,8,4,14,24,0.4166666666666667,0,6,0
2019,8,4,15,58,0.4655172413793103,0,6,0
2019,8,4,16,56,0.4821428571428571,0,6,0
2019,8,4,17,55,0.4545454545454545,0,6,0
2019,8,4,18,49,0.4489795918367347,0,6,0
2019,8,4,19,34,0.5294117647058824,0,6,0
2019,8,4,20,17,0.4705882352941176,0,6,0
2019,8,4,21,20,0.45,0,6,0
2019,8,4,22,5,1.0,0,6,0
2019,8,4,23,4,1.0,0,6,0
2019,8,5,0,2,0.5,0,0,1
2019,8,5,1,1,0.0,0,0,1
2019,8,5,2,1,1.0,0,0,1
2019,8,5,3,1,0.0,0,0,1
2019,8,5,5,5,1.0,0,0,1
2019,8,5,6,10,1.0,0,0,1
2019,8,5,7,20,0.9,0,0,1
2019,8,5,8,31,0.8387096774193549,0,0,1
2019,8,5,9,22,0.9545454545454546,0,0,1
2019,8,5,10,14,0.7142857142857143,0,0,1
2019,8,5,11,15,0.4666666666666667,0,0,1
2019,8,5,12,9,0.7777777777777778,0,0,1
2019,8,5,13,5,0.8,0,0,1
2019,8,5,14,9,0.6666666666666666,0,0,1
2019,8,5,15,19,0.4736842105263157,0,0,1
2019,8,5,16,21,0.7142857142857143,0,0,1
2019,8,5,17,79,0.8481012658227848,0,0,1
2019,8,5,18,110,0.9090909090909092,0,0,1
2019,8,5,19,65,0.8307692307692308,0,0,1
2019,8,5,20,43,0.813953488372093,0,0,1
2019,8,5,21,30,0.6666666666666666,0,0,1
2019,8,5,22,4,0.5,0,0,1
2019,8,5,23,4,0.75,0,0,1
2019,8,6,0,2,1.0,0,1,1
2019,8,6,1,3,0.3333333333333333,0,1,1
2019,8,6,2,1,1.0,0,1,1
2019,8,6,4,1,1.0,0,1,1
2019,8,6,5,2,1.0,0,1,1
2019,8,6,6,11,1.0,0,1,1
2019,8,6,7,26,1.0,0,1,1
2019,8,6,8,30,0.9,0,1,1
2019,8,6,9,16,0.75,0,1,1
2019,8,6,10,12,0.8333333333333334,0,1,1
2019,8,6,11,14,0.7142857142857143,0,1,1
2019,8,6,12,16,0.75,0,1,1
2019,8,6,13,1,1.0,0,1,1
2019,8,6,14,6,0.8333333333333334,0,1,1
2019,8,6,15,15,0.4,0,1,1
2019,8,6,16,23,0.5652173913043478,0,1,1
2019,8,6,17,75,0.88,0,1,1
2019,8,6,18,102,0.8627450980392157,0,1,1
2019,8,6,19,84,0.8571428571428571,0,1,1
2019,8,6,20,29,0.8275862068965517,0,1,1
2019,8,6,21,39,0.717948717948718,0,1,1
2019,8,6,22,5,0.8,0,1,1
2019,8,6,23,8,0.625,0,1,1
2019,8,7,0,4,0.75,0,2,1
2019,8,7,1,2,1.0,0,2,1
2019,8,7,2,1,0.0,0,2,1
2019,8,7,4,5,0.6,0,2,1
2019,8,7,5,3,1.0,0,2,1
2019,8,7,6,7,0.8571428571428571,0,2,1
2019,8,7,7,20,0.85,0,2,1
2019,8,7,8,26,0.9615384615384616,0,2,1
2019,8,7,9,24,0.9166666666666666,0,2,1
2019,8,7,10,14,0.7142857142857143,0,2,1
2019,8,7,11,12,0.75,0,2,1
2019,8,7,12,12,0.6666666666666666,0,2,1
2019,8,7,13,13,0.6923076923076923,0,2,1
2019,8,7,14,3,1.0,0,2,1
2019,8,7,15,3,0.6666666666666666,0,2,1
2019,8,7,16,11,0.6363636363636364,0,2,1
2019,8,7,17,5,1.0,0,2,1
2019,8,7,18,8,1.0,0,2,1
2019,8,7,19,5,0.6,0,2,1
2019,8,7,20,5,0.8,0,2,1
2019,8,7,21,5,1.0,0,2,1
2019,8,7,22,3,1.0,0,2,1
2019,8,7,23,2,1.0,0,2,1
2019,8,8,0,4,0.0,0,3,1
2019,8,8,1,2,1.0,0,3,1
2019,8,8,3,1,1.0,0,3,1
2019,8,8,4,1,1.0,0,3,1
2019,8,8,5,2,1.0,0,3,1
2019,8,8,6,9,1.0,0,3,1
2019,8,8,7,19,1.0,0,3,1
2019,8,8,8,30,0.9,0,3,1
2019,8,8,9,29,0.6206896551724138,0,3,1
2019,8,8,10,9,1.0,0,3,1
2019,8,8,11,5,1.0,0,3,1
2019,8,8,12,13,0.6153846153846154,0,3,1
2019,8,8,13,13,0.6923076923076923,0,3,1
2019,8,8,14,18,0.5,0,3,1
2019,8,8,15,29,0.5172413793103449,0,3,1
2019,8,8,16,24,0.625,0,3,1
2019,8,8,17,89,0.8314606741573034,0,3,1
2019,8,8,18,89,0.8426966292134831,0,3,1
2019,8,8,19,59,0.7627118644067796,0,3,1
2019,8,8,20,15,0.9333333333333332,0,3,1
2019,8,8,21,17,0.8823529411764706,0,3,1
2019,8,8,22,12,0.5833333333333334,0,3,1
2019,8,8,23,6,0.6666666666666666,0,3,1
2019,8,9,0,2,0.5,0,4,1
2019,8,9,4,1,1.0,0,4,1
2019,8,9,5,3,0.6666666666666666,0,4,1
2019,8,9,6,4,1.0,0,4,1
2019,8,9,7,18,0.9444444444444444,0,4,1
2019,8,9,8,24,0.9583333333333334,0,4,1
2019,8,9,9,16,0.6875,0,4,1
2019,8,9,10,15,0.8666666666666667,0,4,1
2019,8,9,11,14,0.6428571428571429,0,4,1
2019,8,9,12,24,0.8333333333333334,0,4,1
2019,8,9,13,21,0.5238095238095238,0,4,1
2019,8,9,14,18,0.7777777777777778,0,4,1
2019,8,9,15,21,0.9523809523809524,0,4,1
2019,8,9,16,26,0.6153846153846154,0,4,1
2019,8,9,17,63,0.7301587301587301,0,4,1
2019,8,9,18,72,0.9027777777777778,0,4,1
2019,8,9,19,37,0.7027027027027027,0,4,1
2019,8,9,20,25,0.8,0,4,1
2019,8,9,21,12,0.8333333333333334,0,4,1
2019,8,9,22,8,0.875,0,4,1
2019,8,9,23,6,0.8333333333333334,0,4,1
2019,8,10,0,3,1.0,0,5,0
2019,8,10,1,6,0.8333333333333334,0,5,0
2019,8,10,4,1,1.0,0,5,0
2019,8,10,5,1,1.0,0,5,0
2019,8,10,6,3,1.0,0,5,0
2019,8,10,7,6,1.0,0,5,0
2019,8,10,8,8,0.875,0,5,0
2019,8,10,9,13,0.8461538461538461,0,5,0
2019,8,10,10,22,0.2727272727272727,0,5,0
2019,8,10,11,22,0.6363636363636364,0,5,0
2019,8,10,12,29,0.5517241379310345,0,5,0
2019,8,10,13,33,0.5454545454545454,0,5,0
2019,8,10,14,32,0.71875,0,5,0
2019,8,10,15,43,0.3255813953488372,0,5,0
2019,8,10,16,59,0.576271186440678,0,5,0
2019,8,10,17,54,0.5185185185185185,0,5,0
2019,8,10,18,63,0.4126984126984127,0,5,0
2019,8,10,19,45,0.6444444444444445,0,5,0
2019,8,10,20,25,0.28,0,5,0
2019,8,10,21,12,0.75,0,5,0
2019,8,10,22,5,1.0,0,5,0
2019,8,11,0,4,0.75,0,6,0
2019,8,11,1,1,1.0,0,6,0
2019,8,11,3,1,0.0,0,6,0
2019,8,11,4,2,0.5,0,6,0
2019,8,11,5,2,1.0,0,6,0
2019,8,11,6,1,1.0,0,6,0
2019,8,11,7,1,1.0,0,6,0
2019,8,11,8,7,0.8571428571428571,0,6,0
2019,8,11,9,19,0.6842105263157895,0,6,0
2019,8,11,10,18,0.8333333333333334,0,6,0
2019,8,11,11,25,0.88,0,6,0
2019,8,11,12,28,0.7142857142857143,0,6,0
2019,8,11,13,45,0.5333333333333333,0,6,0
2019,8,11,14,35,0.4571428571428571,0,6,0
2019,8,11,15,38,0.5526315789473685,0,6,0
2019,8,11,16,67,0.4776119402985074,0,6,0
2019,8,11,17,56,0.4464285714285714,0,6,0
2019,8,11,18,47,0.6382978723404256,0,6,0
2019,8,11,19,36,0.4722222222222222,0,6,0
2019,8,11,20,28,0.6428571428571429,0,6,0
2019,8,11,21,18,0.4444444444444444,0,6,0
2019,8,11,22,3,0.6666666666666666,0,6,0
2019,8,11,23,6,1.0,0,6,0
2019,8,12,0,7,0.4285714285714285,0,0,1
2019,8,12,4,1,1.0,0,0,1
2019,8,12,5,2,1.0,0,0,1
2019,8,12,6,4,1.0,0,0,1
2019,8,12,7,16,0.9375,0,0,1
2019,8,12,8,30,0.9666666666666668,0,0,1
2019,8,12,9,29,0.7586206896551724,0,0,1
2019,8,12,10,19,0.631578947368421,0,0,1
2019,8,12,11,12,0.5833333333333334,0,0,1
2019,8,12,12,5,0.4,0,0,1
2019,8,12,13,17,0.4117647058823529,0,0,1
2019,8,12,14,16,0.5,0,0,1
2019,8,12,15,13,0.4615384615384615,0,0,1
2019,8,12,16,23,0.5217391304347826,0,0,1
2019,8,12,17,79,0.8734177215189873,0,0,1
2019,8,12,18,96,0.8020833333333334,0,0,1
2019,8,12,19,58,0.8103448275862069,0,0,1
2019,8,12,20,28,0.6785714285714286,0,0,1
2019,8,12,21,18,0.7777777777777778,0,0,1
2019,8,12,22,15,0.6666666666666666,0,0,1
2019,8,12,23,4,1.0,0,0,1
2019,8,13,0,2,0.0,0,1,1
2019,8,13,1,1,1.0,0,1,1
2019,8,13,4,1,1.0,0,1,1
2019,8,13,5,3,1.0,0,1,1
2019,8,13,6,4,1.0,0,1,1
2019,8,13,7,19,0.9473684210526316,0,1,1
2019,8,13,8,24,0.9583333333333334,0,1,1
2019,8,13,9,19,0.9473684210526316,0,1,1
2019,8,13,10,5,0.8,0,1,1
2019,8,13,11,13,0.6923076923076923,0,1,1
2019,8,13,12,9,0.8888888888888888,0,1,1
2019,8,13,13,10,0.5,0,1,1
2019,8,13,14,12,0.3333333333333333,0,1,1
2019,8,13,15,21,0.4761904761904761,0,1,1
2019,8,13,16,25,0.6,0,1,1
2019,8,13,17,77,0.8051948051948052,0,1,1
2019,8,13,18,101,0.900990099009901,0,1,1
2019,8,13,19,32,0.9375,0,1,1
2019,8,13,20,27,0.8518518518518519,0,1,1
2019,8,13,21,19,0.7894736842105263,0,1,1
2019,8,13,22,10,0.7,0,1,1
2019,8,13,23,6,0.8333333333333334,0,1,1
2019,8,14,0,2,1.0,0,2,1
2019,8,14,3,2,1.0,0,2,1
2019,8,14,6,4,0.75,0,2,1
2019,8,14,7,21,0.8571428571428571,0,2,1
2019,8,14,8,23,0.9565217391304348,0,2,1
2019,8,14,9,23,0.9565217391304348,0,2,1
2019,8,14,10,9,0.6666666666666666,0,2,1
2019,8,14,11,17,0.6470588235294118,0,2,1
2019,8,14,12,13,0.2307692307692307,0,2,1
2019,8,14,13,13,0.7692307692307693,0,2,1
2019,8,14,14,12,0.5,0,2,1
2019,8,14,15,9,0.7777777777777778,0,2,1
2019,8,14,16,1,1.0,0,2,1
2019,8,14,17,38,0.7894736842105263,0,2,1
2019,8,14,18,72,0.9444444444444444,0,2,1
2019,8,14,19,55,0.9090909090909092,0,2,1
2019,8,14,20,33,0.7575757575757576,0,2,1
2019,8,14,21,32,0.71875,0,2,1
2019,8,14,22,15,0.8,0,2,1
2019,8,14,23,8,0.875,0,2,1
2019,8,15,6,10,1.0,0,3,1
2019,8,15,7,17,0.9411764705882352,0,3,1
2019,8,15,8,31,0.8387096774193549,0,3,1
2019,8,15,9,22,0.8181818181818182,0,3,1
2019,8,15,10,21,0.238095238095238,0,3,1
2019,8,15,11,17,0.4705882352941176,0,3,1
2019,8,15,12,10,0.8,0,3,1
2019,8,15,13,10,0.8,0,3,1
2019,8,15,14,10,0.7,0,3,1
2019,8,15,15,19,0.7894736842105263,0,3,1
2019,8,15,16,30,0.6666666666666666,0,3,1
2019,8,15,17,78,0.782051282051282,0,3,1
2019,8,15,18,88,0.875,0,3,1
2019,8,15,19,70,0.8142857142857143,0,3,1
2019,8,15,20,34,0.8529411764705882,0,3,1
2019,8,15,21,40,0.85,0,3,1
2019,8,15,22,14,0.8571428571428571,0,3,1
2019,8,15,23,8,1.0,0,3,1
2019,8,16,0,1,0.0,0,4,1
2019,8,16,1,4,1.0,0,4,1
2019,8,16,2,1,1.0,0,4,1
2019,8,16,4,1,1.0,0,4,1
2019,8,16,6,9,1.0,0,4,1
2019,8,16,7,8,0.75,0,4,1
2019,8,16,8,18,1.0,0,4,1
2019,8,16,9,29,0.9655172413793104,0,4,1
2019,8,16,10,20,0.6,0,4,1
2019,8,16,11,14,0.5714285714285714,0,4,1
2019,8,16,12,20,0.7,0,4,1
2019,8,16,13,27,0.4814814814814814,0,4,1
2019,8,16,14,29,0.5862068965517241,0,4,1
2019,8,16,15,57,0.4736842105263157,0,4,1
2019,8,16,16,52,0.6730769230769231,0,4,1
2019,8,16,17,66,0.6212121212121212,0,4,1
2019,8,16,18,42,0.8095238095238095,0,4,1
2019,8,16,19,41,0.6097560975609756,0,4,1
2019,8,16,20,17,0.5294117647058824,0,4,1
2019,8,16,21,8,0.875,0,4,1
2019,8,16,22,10,0.3,0,4,1
2019,8,16,23,7,1.0,0,4,1
2019,8,17,0,1,1.0,0,5,0
2019,8,17,4,2,1.0,0,5,0
2019,8,17,6,3,0.6666666666666666,0,5,0
2019,8,17,7,6,0.8333333333333334,0,5,0
2019,8,17,8,10,0.8,0,5,0
2019,8,17,9,27,0.5185185185185185,0,5,0
2019,8,17,10,19,0.631578947368421,0,5,0
2019,8,17,11,19,0.5263157894736842,0,5,0
2019,8,17,12,41,0.5609756097560976,0,5,0
2019,8,17,13,32,0.4375,0,5,0
2019,8,17,14,47,0.2978723404255319,0,5,0
2019,8,17,15,34,0.5588235294117647,0,5,0
2019,8,17,16,42,0.4047619047619047,0,5,0
2019,8,17,17,52,0.5192307692307693,0,5,0
2019,8,17,18,41,0.3658536585365853,0,5,0
2019,8,17,19,25,0.68,0,5,0
2019,8,17,20,25,0.4,0,5,0
2019,8,17,21,12,0.5833333333333334,0,5,0
2019,8,17,22,18,0.7777777777777778,0,5,0
2019,8,17,23,15,0.5333333333333333,0,5,0
2019,8,18,0,2,1.0,0,6,0
2019,8,18,1,1,1.0,0,6,0
2019,8,18,2,2,1.0,0,6,0
2019,8,18,6,3,1.0,0,6,0
2019,8,18,7,4,1.0,0,6,0
2019,8,18,8,15,0.6,0,6,0
2019,8,18,9,13,0.6923076923076923,0,6,0
2019,8,18,10,19,0.6842105263157895,0,6,0
2019,8,18,11,25,0.64,0,6,0
2019,8,18,12,26,0.7307692307692307,0,6,0
2019,8,18,13,27,0.4814814814814814,0,6,0
2019,8,18,14,17,0.5882352941176471,0,6,0
2019,8,18,15,28,0.4642857142857143,0,6,0
2019,8,18,16,30,0.6,0,6,0
2019,8,18,17,16,0.625,0,6,0
2019,8,18,18,8,0.75,0,6,0
2019,8,18,19,18,0.5555555555555556,0,6,0
2019,8,18,20,12,0.8333333333333334,0,6,0
2019,8,18,21,12,0.9166666666666666,0,6,0
2019,8,18,22,4,0.75,0,6,0
2019,8,18,23,5,0.2,0,6,0
2019,8,19,0,1,1.0,0,0,1
2019,8,19,1,1,1.0,0,0,1
2019,8,19,4,1,1.0,0,0,1
2019,8,19,5,3,1.0,0,0,1
2019,8,19,6,4,1.0,0,0,1
2019,8,19,7,17,1.0,0,0,1
2019,8,19,8,23,0.8260869565217391,0,0,1
2019,8,19,9,19,1.0,0,0,1
2019,8,19,10,13,0.7692307692307693,0,0,1
2019,8,19,11,7,0.4285714285714285,0,0,1
2019,8,19,12,8,0.625,0,0,1
2019,8,19,13,14,0.7857142857142857,0,0,1
2019,8,19,14,14,0.6428571428571429,0,0,1
2019,8,19,15,8,0.625,0,0,1
2019,8,19,16,22,0.6818181818181818,0,0,1
2019,8,19,17,78,0.8076923076923077,0,0,1
2019,8,19,18,88,0.875,0,0,1
2019,8,19,19,71,0.8591549295774648,0,0,1
2019,8,19,20,33,0.8787878787878788,0,0,1
2019,8,19,21,8,0.875,0,0,1
2019,8,19,22,7,0.8571428571428571,0,0,1
2019,8,19,23,3,0.6666666666666666,0,0,1
2019,8,20,0,3,1.0,0,1,1
2019,8,20,1,4,0.25,0,1,1
2019,8,20,2,1,1.0,0,1,1
2019,8,20,3,1,1.0,0,1,1
2019,8,20,5,2,1.0,0,1,1
2019,8,20,6,15,0.9333333333333332,0,1,1
2019,8,20,7,17,0.9411764705882352,0,1,1
2019,8,20,8,27,0.8888888888888888,0,1,1
2019,8,20,9,25,1.0,0,1,1
2019,8,20,10,14,0.9285714285714286,0,1,1
2019,8,20,11,2,0.5,0,1,1
2019,8,20,12,9,0.7777777777777778,0,1,1
2019,8,20,13,18,0.7777777777777778,0,1,1
2019,8,20,14,22,0.4545454545454545,0,1,1
2019,8,20,15,25,0.36,0,1,1
2019,8,20,16,19,0.8947368421052632,0,1,1
2019,8,20,17,80,0.9125,0,1,1
2019,8,20,18,89,0.8764044943820225,0,1,1
2019,8,20,19,76,0.7894736842105263,0,1,1
2019,8,20,20,31,0.8387096774193549,0,1,1
2019,8,20,21,33,0.7575757575757576,0,1,1
2019,8,20,22,10,0.9,0,1,1
2019,8,20,23,1,1.0,0,1,1
2019,8,21,1,1,0.0,0,2,1
2019,8,21,4,3,1.0,0,2,1
2019,8,21,5,1,1.0,0,2,1
2019,8,21,6,4,1.0,0,2,1
2019,8,21,7,36,0.9166666666666666,0,2,1
2019,8,21,8,17,1.0,0,2,1
2019,8,21,9,21,0.8095238095238095,0,2,1
2019,8,21,10,9,0.8888888888888888,0,2,1
2019,8,21,11,11,0.9090909090909092,0,2,1
2019,8,21,12,9,0.5555555555555556,0,2,1
2019,8,21,13,12,0.8333333333333334,0,2,1
2019,8,21,14,21,0.7142857142857143,0,2,1
2019,8,21,15,10,0.7,0,2,1
2019,8,21,16,24,0.75,0,2,1
2019,8,21,17,31,0.9032258064516128,0,2,1
2019,8,21,18,45,0.8444444444444444,0,2,1
2019,8,21,19,47,0.851063829787234,0,2,1
2019,8,21,20,19,0.8421052631578947,0,2,1
2019,8,21,21,19,0.5263157894736842,0,2,1
2019,8,21,22,7,0.7142857142857143,0,2,1
2019,8,21,23,4,1.0,0,2,1
2019,8,22,0,2,1.0,0,3,1
2019,8,22,6,12,0.9166666666666666,0,3,1
2019,8,22,7,22,1.0,0,3,1
2019,8,22,8,17,0.9411764705882352,0,3,1
2019,8,22,9,18,0.9444444444444444,0,3,1
2019,8,22,10,6,0.8333333333333334,0,3,1
2019,8,22,11,20,0.6,0,3,1
2019,8,22,12,9,0.7777777777777778,0,3,1
2019,8,22,13,22,0.7272727272727273,0,3,1
2019,8,22,14,11,0.6363636363636364,0,3,1
2019,8,22,15,22,0.6818181818181818,0,3,1
2019,8,22,16,30,0.8666666666666667,0,3,1
2019,8,22,17,65,0.8,0,3,1
2019,8,22,18,73,0.8767123287671232,0,3,1
2019,8,22,19,48,0.7708333333333334,0,3,1
2019,8,22,20,27,0.8888888888888888,0,3,1
2019,8,22,21,8,0.875,0,3,1
2019,8,22,22,2,1.0,0,3,1
2019,8,22,23,1,1.0,0,3,1
2019,8,23,0,1,1.0,0,4,1
2019,8,23,4,1,1.0,0,4,1
2019,8,23,6,1,1.0,0,4,1
2019,8,23,7,12,0.9166666666666666,0,4,1
2019,8,23,8,5,1.0,0,4,1
2019,8,23,9,4,1.0,0,4,1
2019,8,23,10,3,1.0,0,4,1
2019,8,23,11,8,1.0,0,4,1
2019,8,23,12,18,0.8888888888888888,0,4,1
2019,8,23,13,21,0.7142857142857143,0,4,1
2019,8,23,14,18,0.8888888888888888,0,4,1
2019,8,23,15,39,0.6666666666666666,0,4,1
2019,8,23,16,51,0.7254901960784313,0,4,1
2019,8,23,17,39,0.6923076923076923,0,4,1
2019,8,23,18,40,0.75,0,4,1
2019,8,23,19,36,0.7222222222222222,0,4,1
2019,8,23,20,23,0.6086956521739131,0,4,1
2019,8,23,21,7,1.0,0,4,1
2019,8,23,22,6,0.8333333333333334,0,4,1
2019,8,23,23,8,0.75,0,4,1
2019,8,24,0,5,0.8,0,5,0
2019,8,24,1,1,1.0,0,5,0
2019,8,24,6,3,1.0,0,5,0
2019,8,24,7,4,0.75,0,5,0
2019,8,24,8,7,1.0,0,5,0
2019,8,24,9,20,0.8,0,5,0
2019,8,24,10,26,0.6923076923076923,0,5,0
2019,8,24,11,35,0.5714285714285714,0,5,0
2019,8,24,12,44,0.5227272727272727,0,5,0
2019,8,24,13,47,0.4042553191489361,0,5,0
2019,8,24,14,34,0.3235294117647059,0,5,0
2019,8,24,15,45,0.5555555555555556,0,5,0
2019,8,24,16,51,0.4313725490196078,0,5,0
2019,8,24,17,42,0.4047619047619047,0,5,0
2019,8,24,18,45,0.4222222222222222,0,5,0
2019,8,24,19,45,0.3555555555555555,0,5,0
2019,8,24,20,44,0.4545454545454545,0,5,0
2019,8,24,21,20,0.35,0,5,0
2019,8,24,22,11,0.3636363636363636,0,5,0
2019,8,24,23,1,0.0,0,5,0
2019,8,25,0,1,1.0,0,6,0
2019,8,25,1,1,1.0,0,6,0
2019,8,25,3,1,0.0,0,6,0
2019,8,25,7,4,1.0,0,6,0
2019,8,25,8,10,0.9,0,6,0
2019,8,25,9,18,0.7777777777777778,0,6,0
2019,8,25,10,15,0.5333333333333333,0,6,0
2019,8,25,11,19,0.6842105263157895,0,6,0
2019,8,25,12,40,0.6,0,6,0
2019,8,25,13,37,0.4864864864864865,0,6,0
2019,8,25,14,49,0.5714285714285714,0,6,0
2019,8,25,15,58,0.6206896551724138,0,6,0
2019,8,25,16,63,0.492063492063492,0,6,0
2019,8,25,17,44,0.5,0,6,0
2019,8,25,18,49,0.5510204081632653,0,6,0
2019,8,25,19,54,0.5925925925925926,0,6,0
2019,8,25,20,17,0.5882352941176471,0,6,0
2019,8,25,21,13,0.9230769230769232,0,6,0
2019,8,25,22,4,0.75,0,6,0
2019,8,25,23,4,1.0,0,6,0
2019,8,26,0,2,1.0,0,0,1
2019,8,26,1,5,0.0,0,0,1
2019,8,26,3,1,1.0,0,0,1
2019,8,26,5,1,1.0,0,0,1
2019,8,26,6,7,1.0,0,0,1
2019,8,26,7,10,0.9,0,0,1
2019,8,26,8,19,1.0,0,0,1
2019,8,26,9,24,0.8333333333333334,0,0,1
2019,8,26,10,13,0.7692307692307693,0,0,1
2019,8,26,11,13,0.5384615384615384,0,0,1
2019,8,26,12,7,0.8571428571428571,0,0,1
2019,8,26,13,17,0.5882352941176471,0,0,1
2019,8,26,14,17,0.3529411764705882,0,0,1
2019,8,26,15,19,0.7894736842105263,0,0,1
2019,8,26,16,38,0.7368421052631579,0,0,1
2019,8,26,17,73,0.9452054794520548,0,0,1
2019,8,26,18,96,0.8854166666666666,0,0,1
2019,8,26,19,62,0.8709677419354839,0,0,1
2019,8,26,20,33,0.6060606060606061,0,0,1
2019,8,26,21,9,0.6666666666666666,0,0,1
2019,8,26,22,9,1.0,0,0,1
2019,8,26,23,2,1.0,0,0,1
2019,8,27,4,2,1.0,0,1,1
2019,8,27,5,1,1.0,0,1,1
2019,8,27,6,10,1.0,0,1,1
2019,8,27,7,22,0.8181818181818182,0,1,1
2019,8,27,8,38,0.8947368421052632,0,1,1
2019,8,27,9,19,0.8947368421052632,0,1,1
2019,8,27,10,17,0.5882352941176471,0,1,1
2019,8,27,11,11,0.7272727272727273,0,1,1
2019,8,27,12,17,0.4705882352941176,0,1,1
2019,8,27,13,9,0.4444444444444444,0,1,1
2019,8,27,14,13,0.8461538461538461,0,1,1
2019,8,27,15,22,0.5454545454545454,0,1,1
2019,8,27,16,20,0.7,0,1,1
2019,8,27,17,83,0.7710843373493976,0,1,1
2019,8,27,18,107,0.8785046728971962,0,1,1
2019,8,27,19,73,0.821917808219178,0,1,1
2019,8,27,20,22,0.9545454545454546,0,1,1
2019,8,27,21,11,0.9090909090909092,0,1,1
2019,8,27,22,7,1.0,0,1,1
2019,8,27,23,3,1.0,0,1,1
2019,8,28,0,2,1.0,0,2,1
2019,8,28,1,1,1.0,0,2,1
2019,8,28,4,1,1.0,0,2,1
2019,8,28,5,1,1.0,0,2,1
2019,8,28,6,5,0.6,0,2,1
2019,8,28,7,26,0.8076923076923077,0,2,1
2019,8,28,8,32,0.9375,0,2,1
2019,8,28,9,22,0.8636363636363636,0,2,1
2019,8,28,10,12,1.0,0,2,1
2019,8,28,11,5,0.8,0,2,1
2019,8,28,12,14,0.9285714285714286,0,2,1
2019,8,28,13,5,1.0,0,2,1
2019,8,28,14,8,0.875,0,2,1
2019,8,28,15,11,1.0,0,2,1
2019,8,28,16,19,0.9473684210526316,0,2,1
2019,8,28,17,45,0.9555555555555556,0,2,1
2019,8,28,18,41,0.7804878048780488,0,2,1
2019,8,28,19,24,0.75,0,2,1
2019,8,28,20,9,1.0,0,2,1
2019,8,28,21,4,1.0,0,2,1
2019,8,28,22,3,1.0,0,2,1
2019,8,28,23,5,1.0,0,2,1
2019,8,29,0,3,0.3333333333333333,0,3,1
2019,8,29,3,1,1.0,0,3,1
2019,8,29,4,1,1.0,0,3,1
2019,8,29,5,1,1.0,0,3,1
2019,8,29,6,7,1.0,0,3,1
2019,8,29,7,15,0.9333333333333332,0,3,1
2019,8,29,8,20,0.9,0,3,1
2019,8,29,9,24,1.0,0,3,1
2019,8,29,10,12,0.8333333333333334,0,3,1
2019,8,29,11,9,0.8888888888888888,0,3,1
2019,8,29,12,19,0.8421052631578947,0,3,1
2019,8,29,13,21,0.6666666666666666,0,3,1
2019,8,29,14,18,0.5555555555555556,0,3,1
2019,8,29,15,28,0.5714285714285714,0,3,1
2019,8,29,16,41,0.7560975609756098,0,3,1
2019,8,29,17,57,0.8070175438596491,0,3,1
2019,8,29,18,92,0.7608695652173914,0,3,1
2019,8,29,19,62,0.8225806451612904,0,3,1
2019,8,29,20,43,0.6976744186046512,0,3,1
2019,8,29,21,8,1.0,0,3,1
2019,8,29,22,7,0.7142857142857143,0,3,1
2019,8,29,23,4,0.75,0,3,1
2019,8,30,0,1,1.0,0,4,1
2019,8,30,1,1,1.0,0,4,1
2019,8,30,5,1,1.0,0,4,1
2019,8,30,6,4,0.75,0,4,1
2019,8,30,7,17,0.8823529411764706,0,4,1
2019,8,30,8,27,0.8888888888888888,0,4,1
2019,8,30,9,23,0.8260869565217391,0,4,1
2019,8,30,10,19,0.5789473684210527,0,4,1
2019,8,30,11,13,0.5384615384615384,0,4,1
2019,8,30,12,15,0.6666666666666666,0,4,1
2019,8,30,13,24,0.625,0,4,1
2019,8,30,14,30,0.6333333333333333,0,4,1
2019,8,30,15,43,0.6976744186046512,0,4,1
2019,8,30,16,51,0.6862745098039216,0,4,1
2019,8,30,17,51,0.7843137254901961,0,4,1
2019,8,30,18,40,0.625,0,4,1
2019,8,30,19,25,0.88,0,4,1
2019,8,30,20,15,0.8666666666666667,0,4,1
2019,8,30,21,13,0.8461538461538461,0,4,1
2019,8,30,22,11,0.4545454545454545,0,4,1
2019,8,30,23,7,0.8571428571428571,0,4,1
2019,8,31,0,10,0.3,0,5,0
2019,8,31,1,6,0.3333333333333333,0,5,0
2019,8,31,3,1,1.0,0,5,0
2019,8,31,5,1,1.0,0,5,0
2019,8,31,6,1,1.0,0,5,0
2019,8,31,7,6,0.6666666666666666,0,5,0
2019,8,31,8,10,0.8,0,5,0
2019,8,31,9,8,0.75,0,5,0
2019,8,31,10,19,0.5789473684210527,0,5,0
2019,8,31,11,19,0.4210526315789473,0,5,0
2019,8,31,12,36,0.5555555555555556,0,5,0
2019,8,31,13,59,0.288135593220339,0,5,0
2019,8,31,14,23,0.391304347826087,0,5,0
2019,8,31,15,28,0.4642857142857143,0,5,0
2019,8,31,16,44,0.4545454545454545,0,5,0
2019,8,31,17,37,0.5945945945945946,0,5,0
2019,8,31,18,41,0.3414634146341463,0,5,0
2019,8,31,19,26,0.5384615384615384,0,5,0
2019,8,31,20,23,0.4782608695652174,0,5,0
2019,8,31,21,12,0.5833333333333334,0,5,0
2019,8,31,22,8,0.375,0,5,0
2019,8,31,23,8,0.75,0,5,0
2019,9,1,0,2,0.0,0,6,0
2019,9,1,2,4,0.25,0,6,0
2019,9,1,5,1,1.0,0,6,0
2019,9,1,6,1,1.0,0,6,0
2019,9,1,7,1,1.0,0,6,0
2019,9,1,8,7,0.7142857142857143,0,6,0
2019,9,1,9,16,0.625,0,6,0
2019,9,1,10,17,0.6470588235294118,0,6,0
2019,9,1,11,22,0.5,0,6,0
2019,9,1,12,32,0.6875,0,6,0
2019,9,1,13,13,0.3846153846153846,0,6,0
2019,9,1,14,32,0.375,0,6,0
2019,9,1,15,28,0.5357142857142857,0,6,0
2019,9,1,16,28,0.25,0,6,0
2019,9,1,17,56,0.4821428571428571,0,6,0
2019,9,1,18,39,0.5384615384615384,0,6,0
2019,9,1,19,36,0.3888888888888889,0,6,0
2019,9,1,20,10,0.5,0,6,0
2019,9,1,21,16,0.5625,0,6,0
2019,9,1,22,7,0.5714285714285714,0,6,0
2019,9,1,23,8,0.125,0,6,0
2019,9,2,0,1,1.0,0,0,1
2019,9,2,1,1,0.0,0,0,1
2019,9,2,2,2,1.0,0,0,1
2019,9,2,6,1,1.0,0,0,1
2019,9,2,7,5,0.8,0,0,1
2019,9,2,8,5,0.8,0,0,1
2019,9,2,9,12,0.1666666666666666,0,0,1
2019,9,2,10,20,0.55,0,0,1
2019,9,2,11,2,0.5,0,0,1
2019,9,2,12,2,1.0,0,0,1
2019,9,2,13,10,0.6,0,0,1
2019,9,2,14,12,0.5833333333333334,0,0,1
2019,9,2,15,5,0.8,0,0,1
2019,9,2,16,9,0.5555555555555556,0,0,1
2019,9,2,17,9,0.3333333333333333,0,0,1
2019,9,2,18,21,0.6666666666666666,0,0,1
2019,9,2,19,21,0.8095238095238095,0,0,1
2019,9,2,20,17,0.4705882352941176,0,0,1
2019,9,2,21,12,0.6666666666666666,0,0,1
2019,9,2,22,8,0.5,0,0,1
2019,9,2,23,1,1.0,0,0,1
2019,9,3,1,1,1.0,0,1,1
2019,9,3,4,1,1.0,0,1,1
2019,9,3,5,3,1.0,0,1,1
2019,9,3,6,8,0.875,0,1,1
2019,9,3,7,22,0.9090909090909092,0,1,1
2019,9,3,8,28,0.8214285714285714,0,1,1
2019,9,3,9,20,1.0,0,1,1
2019,9,3,10,11,0.8181818181818182,0,1,1
2019,9,3,11,10,0.6,0,1,1
2019,9,3,12,13,0.5384615384615384,0,1,1
2019,9,3,13,6,1.0,0,1,1
2019,9,3,14,10,0.4,0,1,1
2019,9,3,15,12,0.8333333333333334,0,1,1
2019,9,3,16,30,0.6333333333333333,0,1,1
2019,9,3,17,90,0.8444444444444444,0,1,1
2019,9,3,18,119,0.9243697478991596,0,1,1
2019,9,3,19,65,0.9076923076923076,0,1,1
2019,9,3,20,45,0.8222222222222222,0,1,1
2019,9,3,21,21,0.9047619047619048,0,1,1
2019,9,3,22,10,0.8,0,1,1
2019,9,3,23,2,1.0,0,1,1
2019,9,4,0,2,1.0,0,2,1
2019,9,4,1,1,1.0,0,2,1
2019,9,4,4,1,1.0,0,2,1
2019,9,4,5,1,1.0,0,2,1
2019,9,4,6,3,1.0,0,2,1
2019,9,4,7,27,0.925925925925926,0,2,1
2019,9,4,8,31,0.935483870967742,0,2,1
2019,9,4,9,22,0.9090909090909092,0,2,1
2019,9,4,10,12,0.9166666666666666,0,2,1
2019,9,4,11,11,0.8181818181818182,0,2,1
2019,9,4,12,11,0.5454545454545454,0,2,1
2019,9,4,13,16,0.5625,0,2,1
2019,9,4,14,12,0.5833333333333334,0,2,1
2019,9,4,15,17,0.7647058823529411,0,2,1
2019,9,4,16,20,0.85,0,2,1
2019,9,4,17,52,0.8461538461538461,0,2,1
2019,9,4,18,86,0.9069767441860463,0,2,1
2019,9,4,19,38,0.8421052631578947,0,2,1
2019,9,4,20,36,0.8055555555555556,0,2,1
2019,9,4,21,12,0.8333333333333334,0,2,1
2019,9,4,22,10,1.0,0,2,1
2019,9,4,23,2,1.0,0,2,1
2019,9,5,0,1,1.0,0,3,1
2019,9,5,1,1,1.0,0,3,1
2019,9,5,3,1,1.0,0,3,1
2019,9,5,4,3,1.0,0,3,1
2019,9,5,5,1,1.0,0,3,1
2019,9,5,6,5,0.8,0,3,1
2019,9,5,7,22,0.9545454545454546,0,3,1
2019,9,5,8,37,0.918918918918919,0,3,1
2019,9,5,9,18,1.0,0,3,1
2019,9,5,10,21,0.8095238095238095,0,3,1
2019,9,5,11,21,0.7619047619047619,0,3,1
2019,9,5,12,20,0.8,0,3,1
2019,9,5,13,12,0.5833333333333334,0,3,1
2019,9,5,14,33,0.7575757575757576,0,3,1
2019,9,5,15,29,0.6896551724137931,0,3,1
2019,9,5,16,22,0.6818181818181818,0,3,1
2019,9,5,17,91,0.8791208791208791,0,3,1
2019,9,5,18,106,0.8584905660377359,0,3,1
2019,9,5,19,69,0.8695652173913043,0,3,1
2019,9,5,20,20,0.9,0,3,1
2019,9,5,21,19,0.8947368421052632,0,3,1
2019,9,5,22,1,1.0,0,3,1
2019,9,5,23,2,1.0,0,3,1
2019,9,6,0,1,1.0,0,4,1
2019,9,6,5,1,1.0,0,4,1
2019,9,6,6,9,1.0,0,4,1
2019,9,6,7,17,0.9411764705882352,0,4,1
2019,9,6,8,23,0.9565217391304348,0,4,1
2019,9,6,9,19,0.7894736842105263,0,4,1
2019,9,6,10,20,0.75,0,4,1
2019,9,6,11,11,0.7272727272727273,0,4,1
2019,9,6,12,11,0.7272727272727273,0,4,1
2019,9,6,13,6,0.8333333333333334,0,4,1
2019,9,6,14,9,0.7777777777777778,0,4,1
2019,9,6,15,7,0.4285714285714285,0,4,1
2019,9,6,16,1,1.0,0,4,1
2019,9,6,17,13,0.8461538461538461,0,4,1
2019,9,6,18,19,1.0,0,4,1
2019,9,6,19,11,0.9090909090909092,0,4,1
2019,9,6,20,5,1.0,0,4,1
2019,9,6,21,5,0.6,0,4,1
2019,9,6,22,2,0.5,0,4,1
2019,9,6,23,4,0.5,0,4,1
2019,9,7,0,4,0.5,0,5,0
2019,9,7,1,1,1.0,0,5,0
2019,9,7,7,3,0.6666666666666666,0,5,0
2019,9,7,8,14,0.6428571428571429,0,5,0
2019,9,7,9,20,0.75,0,5,0
2019,9,7,10,27,0.4814814814814814,0,5,0
2019,9,7,11,24,0.5833333333333334,0,5,0
2019,9,7,12,44,0.6136363636363636,0,5,0
2019,9,7,13,52,0.6346153846153846,0,5,0
2019,9,7,14,41,0.5121951219512195,0,5,0
2019,9,7,15,39,0.358974358974359,0,5,0
2019,9,7,16,42,0.4523809523809524,0,5,0
2019,9,7,17,43,0.627906976744186,0,5,0
2019,9,7,18,43,0.3488372093023256,0,5,0
2019,9,7,19,18,0.3888888888888889,0,5,0
2019,9,7,20,15,0.4666666666666667,0,5,0
2019,9,7,21,18,0.5,0,5,0
2019,9,7,22,8,0.75,0,5,0
2019,9,7,23,10,0.5,0,5,0
2019,9,8,0,3,0.0,0,6,0
2019,9,8,3,1,1.0,0,6,0
2019,9,8,7,3,1.0,0,6,0
2019,9,8,8,9,0.7777777777777778,0,6,0
2019,9,8,9,12,0.75,0,6,0
2019,9,8,10,23,0.8695652173913043,0,6,0
2019,9,8,11,28,0.8214285714285714,0,6,0
2019,9,8,12,57,0.6140350877192983,0,6,0
2019,9,8,13,20,0.7,0,6,0
2019,9,8,14,44,0.5454545454545454,0,6,0
2019,9,8,15,61,0.3934426229508196,0,6,0
2019,9,8,16,40,0.475,0,6,0
2019,9,8,17,23,0.5217391304347826,0,6,0
2019,9,8,18,31,0.6451612903225806,0,6,0
2019,9,8,19,30,0.8,0,6,0
2019,9,8,20,23,0.6521739130434783,0,6,0
2019,9,8,21,11,0.5454545454545454,0,6,0
2019,9,8,22,5,0.8,0,6,0
2019,9,8,23,6,0.3333333333333333,0,6,0
2019,9,9,4,1,1.0,0,0,1
2019,9,9,5,1,1.0,0,0,1
2019,9,9,6,9,1.0,0,0,1
2019,9,9,7,19,1.0,0,0,1
2019,9,9,8,37,0.918918918918919,0,0,1
2019,9,9,9,19,0.7368421052631579,0,0,1
2019,9,9,10,9,0.8888888888888888,0,0,1
2019,9,9,11,9,1.0,0,0,1
2019,9,9,12,11,0.6363636363636364,0,0,1
2019,9,9,13,14,0.8571428571428571,0,0,1
2019,9,9,14,35,0.7428571428571429,0,0,1
2019,9,9,15,12,0.8333333333333334,0,0,1
2019,9,9,16,26,0.7692307692307693,0,0,1
2019,9,9,17,85,0.9294117647058824,0,0,1
2019,9,9,18,107,0.7850467289719626,0,0,1
2019,9,9,19,47,0.8936170212765957,0,0,1
2019,9,9,20,22,0.9090909090909092,0,0,1
2019,9,9,21,17,1.0,0,0,1
2019,9,9,22,2,1.0,0,0,1
2019,9,9,23,1,0.0,0,0,1
2019,9,10,0,1,1.0,0,1,1
2019,9,10,2,1,1.0,0,1,1
2019,9,10,4,1,1.0,0,1,1
2019,9,10,5,2,1.0,0,1,1
2019,9,10,6,12,1.0,0,1,1
2019,9,10,7,19,1.0,0,1,1
2019,9,10,8,33,0.9393939393939394,0,1,1
2019,9,10,9,22,0.8636363636363636,0,1,1
2019,9,10,10,12,0.9166666666666666,0,1,1
2019,9,10,11,14,0.8571428571428571,0,1,1
2019,9,10,12,10,0.4,0,1,1
2019,9,10,13,16,0.625,0,1,1
2019,9,10,14,18,0.6666666666666666,0,1,1
2019,9,10,15,26,0.5384615384615384,0,1,1
2019,9,10,16,35,0.7714285714285715,0,1,1
2019,9,10,17,74,0.7972972972972973,0,1,1
2019,9,10,18,137,0.8248175182481752,0,1,1
2019,9,10,19,50,0.92,0,1,1
2019,9,10,20,30,0.8666666666666667,0,1,1
2019,9,10,21,22,0.9090909090909092,0,1,1
2019,9,10,22,4,0.75,0,1,1
2019,9,10,23,4,1.0,0,1,1
2019,9,11,0,2,1.0,0,2,1
2019,9,11,1,1,1.0,0,2,1
2019,9,11,3,6,0.1666666666666666,0,2,1
2019,9,11,4,2,1.0,0,2,1
2019,9,11,6,11,1.0,0,2,1
2019,9,11,7,25,0.92,0,2,1
2019,9,11,8,43,0.9069767441860463,0,2,1
2019,9,11,9,26,0.9615384615384616,0,2,1
2019,9,11,10,17,0.8823529411764706,0,2,1
2019,9,11,11,21,0.4285714285714285,0,2,1
2019,9,11,12,21,0.6666666666666666,0,2,1
2019,9,11,13,15,0.6666666666666666,0,2,1
2019,9,11,14,11,0.7272727272727273,0,2,1
2019,9,11,15,33,0.7575757575757576,0,2,1
2019,9,11,16,33,0.8181818181818182,0,2,1
2019,9,11,17,78,0.8205128205128205,0,2,1
2019,9,11,18,86,0.872093023255814,0,2,1
2019,9,11,19,64,0.796875,0,2,1
2019,9,11,20,57,0.8771929824561403,0,2,1
2019,9,11,21,36,0.8333333333333334,0,2,1
2019,9,11,22,24,0.8333333333333334,0,2,1
2019,9,11,23,5,0.8,0,2,1
2019,9,12,0,2,0.5,0,3,1
2019,9,12,1,3,0.0,0,3,1
2019,9,12,2,1,1.0,0,3,1
2019,9,12,3,1,1.0,0,3,1
2019,9,12,4,1,1.0,0,3,1
2019,9,12,5,2,1.0,0,3,1
2019,9,12,6,7,0.8571428571428571,0,3,1
2019,9,12,7,25,1.0,0,3,1
2019,9,12,8,36,0.9166666666666666,0,3,1
2019,9,12,9,20,0.9,0,3,1
2019,9,12,10,8,0.875,0,3,1
2019,9,12,11,13,0.7692307692307693,0,3,1
2019,9,12,12,11,0.9090909090909092,0,3,1
2019,9,12,13,7,0.8571428571428571,0,3,1
2019,9,12,14,11,0.6363636363636364,0,3,1
2019,9,12,15,24,0.8333333333333334,0,3,1
2019,9,12,16,27,0.8148148148148148,0,3,1
2019,9,12,17,68,0.9558823529411764,0,3,1
2019,9,12,18,42,0.8809523809523809,0,3,1
2019,9,12,19,16,1.0,0,3,1
2019,9,12,20,6,1.0,0,3,1
2019,9,12,21,4,1.0,0,3,1
2019,9,12,22,1,1.0,0,3,1
2019,9,12,23,2,1.0,0,3,1
2019,9,13,4,1,1.0,0,4,1
2019,9,13,6,17,1.0,0,4,1
2019,9,13,7,20,0.9,0,4,1
2019,9,13,8,40,0.9,0,4,1
2019,9,13,9,21,1.0,0,4,1
2019,9,13,10,13,0.6923076923076923,0,4,1
2019,9,13,11,16,0.625,0,4,1
2019,9,13,12,13,0.8461538461538461,0,4,1
2019,9,13,13,23,0.4782608695652174,0,4,1
2019,9,13,14,26,0.5,0,4,1
2019,9,13,15,31,0.5161290322580645,0,4,1
2019,9,13,16,41,0.8048780487804879,0,4,1
2019,9,13,17,90,0.8222222222222222,0,4,1
2019,9,13,18,80,0.8125,0,4,1
2019,9,13,19,32,0.9375,0,4,1
2019,9,13,20,31,0.8064516129032258,0,4,1
2019,9,13,21,22,0.7727272727272727,0,4,1
2019,9,13,22,9,0.7777777777777778,0,4,1
2019,9,13,23,3,1.0,0,4,1
2019,9,14,0,4,0.75,0,5,0
2019,9,14,1,2,1.0,0,5,0
2019,9,14,6,2,1.0,0,5,0
2019,9,14,7,2,1.0,0,5,0
2019,9,14,8,13,0.8461538461538461,0,5,0
2019,9,14,9,14,0.7857142857142857,0,5,0
2019,9,14,10,26,0.8461538461538461,0,5,0
2019,9,14,11,29,0.5517241379310345,0,5,0
2019,9,14,12,37,0.5675675675675675,0,5,0
2019,9,14,13,33,0.6363636363636364,0,5,0
2019,9,14,14,34,0.5,0,5,0
2019,9,14,15,32,0.25,0,5,0
2019,9,14,16,42,0.5,0,5,0
2019,9,14,17,38,0.4473684210526316,0,5,0
2019,9,14,18,32,0.46875,0,5,0
2019,9,14,19,18,0.7777777777777778,0,5,0
2019,9,14,20,11,0.5454545454545454,0,5,0
2019,9,14,21,18,0.3333333333333333,0,5,0
2019,9,14,22,8,0.875,0,5,0
2019,9,14,23,2,1.0,0,5,0
2019,9,15,0,1,0.0,0,6,0
2019,9,15,1,3,0.3333333333333333,0,6,0
2019,9,15,2,3,0.3333333333333333,0,6,0
2019,9,15,3,1,1.0,0,6,0
2019,9,15,6,2,1.0,0,6,0
2019,9,15,7,2,1.0,0,6,0
2019,9,15,8,8,0.75,0,6,0
2019,9,15,9,20,0.75,0,6,0
2019,9,15,10,42,0.5714285714285714,0,6,0
2019,9,15,11,36,0.5,0,6,0
2019,9,15,12,37,0.5945945945945946,0,6,0
2019,9,15,13,36,0.5,0,6,0
2019,9,15,14,45,0.4666666666666667,0,6,0
2019,9,15,15,47,0.6170212765957447,0,6,0
2019,9,15,16,52,0.5769230769230769,0,6,0
2019,9,15,17,29,0.6896551724137931,0,6,0
2019,9,15,18,54,0.5740740740740741,0,6,0
2019,9,15,19,36,0.8333333333333334,0,6,0
2019,9,15,20,31,0.6129032258064516,0,6,0
2019,9,15,21,14,0.6428571428571429,0,6,0
2019,9,15,22,8,0.75,0,6,0
2019,9,15,23,4,0.0,0,6,0
2019,9,16,0,1,1.0,0,0,1
2019,9,16,5,1,1.0,0,0,1
2019,9,16,6,5,1.0,0,0,1
2019,9,16,7,21,0.9047619047619048,0,0,1
2019,9,16,8,34,0.9705882352941176,0,0,1
2019,9,16,9,21,1.0,0,0,1
2019,9,16,10,9,0.5555555555555556,0,0,1
2019,9,16,11,14,0.4285714285714285,0,0,1
2019,9,16,12,19,0.4210526315789473,0,0,1
2019,9,16,13,9,0.6666666666666666,0,0,1
2019,9,16,14,20,0.55,0,0,1
2019,9,16,15,42,0.5476190476190477,0,0,1
2019,9,16,16,22,0.8181818181818182,0,0,1
2019,9,16,17,50,0.88,0,0,1
2019,9,16,18,60,0.8833333333333333,0,0,1
2019,9,16,19,42,0.9523809523809524,0,0,1
2019,9,16,20,20,0.9,0,0,1
2019,9,16,21,12,0.9166666666666666,0,0,1
2019,9,16,22,7,0.5714285714285714,0,0,1
2019,9,16,23,1,1.0,0,0,1
2019,9,17,0,4,0.5,0,1,1
2019,9,17,2,1,1.0,0,1,1
2019,9,17,5,1,1.0,0,1,1
2019,9,17,6,8,1.0,0,1,1
2019,9,17,7,27,0.925925925925926,0,1,1
2019,9,17,8,32,0.9375,0,1,1
2019,9,17,9,28,0.9285714285714286,0,1,1
2019,9,17,10,12,0.8333333333333334,0,1,1
2019,9,17,11,13,0.7692307692307693,0,1,1
2019,9,17,12,9,0.6666666666666666,0,1,1
2019,9,17,13,14,0.6428571428571429,0,1,1
2019,9,17,14,24,0.5416666666666666,0,1,1
2019,9,17,15,24,0.7083333333333334,0,1,1
2019,9,17,16,34,0.8529411764705882,0,1,1
2019,9,17,17,82,0.7439024390243902,0,1,1
2019,9,17,18,92,0.8586956521739131,0,1,1
2019,9,17,19,74,0.8243243243243243,0,1,1
2019,9,17,20,23,0.9130434782608696,0,1,1
2019,9,17,21,15,0.9333333333333332,0,1,1
2019,9,17,22,9,0.6666666666666666,0,1,1
2019,9,17,23,3,0.6666666666666666,0,1,1
2019,9,18,0,1,1.0,0,2,1
2019,9,18,4,1,1.0,0,2,1
2019,9,18,5,5,1.0,0,2,1
2019,9,18,6,1,1.0,0,2,1
2019,9,18,7,30,0.9,0,2,1
2019,9,18,8,35,0.9428571428571428,0,2,1
2019,9,18,9,15,1.0,0,2,1
2019,9,18,10,19,0.6842105263157895,0,2,1
2019,9,18,11,7,0.7142857142857143,0,2,1
2019,9,18,12,25,0.68,0,2,1
2019,9,18,13,18,0.8333333333333334,0,2,1
2019,9,18,14,24,0.625,0,2,1
2019,9,18,15,42,0.8571428571428571,0,2,1
2019,9,18,16,31,0.7096774193548387,0,2,1
2019,9,18,17,83,0.7469879518072289,0,2,1
2019,9,18,18,102,0.8431372549019608,0,2,1
2019,9,18,19,42,0.8095238095238095,0,2,1
2019,9,18,20,25,0.92,0,2,1
2019,9,18,21,15,0.8666666666666667,0,2,1
2019,9,18,22,13,1.0,0,2,1
2019,9,18,23,3,1.0,0,2,1
2019,9,19,5,1,1.0,0,3,1
2019,9,19,6,9,1.0,0,3,1
2019,9,19,7,24,0.9583333333333334,0,3,1
2019,9,19,8,27,0.925925925925926,0,3,1
2019,9,19,9,22,0.9090909090909092,0,3,1
2019,9,19,10,10,0.8,0,3,1
2019,9,19,11,16,0.875,0,3,1
2019,9,19,12,19,0.631578947368421,0,3,1
2019,9,19,13,14,0.5714285714285714,0,3,1
2019,9,19,14,26,0.5769230769230769,0,3,1
2019,9,19,15,28,0.8571428571428571,0,3,1
2019,9,19,16,30,0.8333333333333334,0,3,1
2019,9,19,17,83,0.8433734939759037,0,3,1
2019,9,19,18,101,0.8316831683168316,0,3,1
2019,9,19,19,50,0.86,0,3,1
2019,9,19,20,17,0.8235294117647058,0,3,1
2019,9,19,21,7,0.5714285714285714,0,3,1
2019,9,19,23,4,0.75,0,3,1
2019,9,20,0,1,1.0,0,4,1
2019,9,20,4,1,1.0,0,4,1
2019,9,20,6,1,1.0,0,4,1
2019,9,20,7,18,0.8888888888888888,0,4,1
2019,9,20,8,28,1.0,0,4,1
2019,9,20,9,17,0.9411764705882352,0,4,1
2019,9,20,10,21,0.7619047619047619,0,4,1
2019,9,20,11,11,0.7272727272727273,0,4,1
2019,9,20,12,33,0.6060606060606061,0,4,1
2019,9,20,13,20,0.6,0,4,1
2019,9,20,14,23,0.8695652173913043,0,4,1
2019,9,20,15,52,0.6538461538461539,0,4,1
2019,9,20,16,43,0.8372093023255814,0,4,1
2019,9,20,17,131,0.8015267175572519,0,4,1
2019,9,20,18,128,0.90625,0,4,1
2019,9,20,19,50,0.82,0,4,1
2019,9,20,20,12,0.75,0,4,1
2019,9,20,21,9,0.6666666666666666,0,4,1
2019,9,20,22,12,0.9166666666666666,0,4,1
2019,9,20,23,2,0.5,0,4,1
2019,9,21,0,4,0.75,0,5,0
2019,9,21,1,2,0.0,0,5,0
2019,9,21,3,3,0.6666666666666666,0,5,0
2019,9,21,4,2,0.0,0,5,0
2019,9,21,5,1,1.0,0,5,0
2019,9,21,6,2,1.0,0,5,0
2019,9,21,7,2,1.0,0,5,0
2019,9,21,8,17,0.9411764705882352,0,5,0
2019,9,21,9,15,0.8,0,5,0
2019,9,21,10,30,0.7,0,5,0
2019,9,21,11,42,0.5714285714285714,0,5,0
2019,9,21,12,49,0.3877551020408163,0,5,0
2019,9,21,13,67,0.3134328358208955,0,5,0
2019,9,21,14,70,0.3142857142857143,0,5,0
2019,9,21,15,90,0.4111111111111111,0,5,0
2019,9,21,16,74,0.3378378378378378,0,5,0
2019,9,21,17,80,0.275,0,5,0
2019,9,21,18,63,0.3968253968253968,0,5,0
2019,9,21,19,55,0.4727272727272727,0,5,0
2019,9,21,20,31,0.2580645161290322,0,5,0
2019,9,21,21,16,0.5625,0,5,0
2019,9,21,22,20,0.35,0,5,0
2019,9,21,23,7,0.2857142857142857,0,5,0
2019,9,22,0,2,0.5,0,6,0
2019,9,22,1,3,0.3333333333333333,0,6,0
2019,9,22,2,1,1.0,0,6,0
2019,9,22,3,1,0.0,0,6,0
2019,9,22,5,2,1.0,0,6,0
2019,9,22,7,2,1.0,0,6,0
2019,9,22,8,16,0.8125,0,6,0
2019,9,22,9,27,0.7407407407407407,0,6,0
2019,9,22,10,27,0.5925925925925926,0,6,0
2019,9,22,11,38,0.6578947368421053,0,6,0
2019,9,22,12,25,0.72,0,6,0
2019,9,22,13,49,0.5510204081632653,0,6,0
2019,9,22,14,44,0.5454545454545454,0,6,0
2019,9,22,15,40,0.5,0,6,0
2019,9,22,16,49,0.6326530612244898,0,6,0
2019,9,22,17,56,0.5892857142857143,0,6,0
2019,9,22,18,58,0.4137931034482758,0,6,0
2019,9,22,19,32,0.625,0,6,0
2019,9,22,20,13,0.6153846153846154,0,6,0
2019,9,22,21,25,0.84,0,6,0
2019,9,22,22,9,0.4444444444444444,0,6,0
2019,9,22,23,7,0.1428571428571428,0,6,0
2019,9,23,0,2,1.0,0,0,1
2019,9,23,1,1,0.0,0,0,1
2019,9,23,4,1,1.0,0,0,1
2019,9,23,5,2,1.0,0,0,1
2019,9,23,6,6,1.0,0,0,1
2019,9,23,7,13,0.9230769230769232,0,0,1
2019,9,23,8,39,0.9230769230769232,0,0,1
2019,9,23,9,18,0.7777777777777778,0,0,1
2019,9,23,10,18,0.6111111111111112,0,0,1
2019,9,23,11,13,0.5384615384615384,0,0,1
2019,9,23,12,11,0.6363636363636364,0,0,1
2019,9,23,13,16,0.6875,0,0,1
2019,9,23,14,20,0.55,0,0,1
2019,9,23,15,23,0.7391304347826086,0,0,1
2019,9,23,16,29,0.7241379310344828,0,0,1
2019,9,23,17,58,0.8275862068965517,0,0,1
2019,9,23,18,116,0.8793103448275862,0,0,1
2019,9,23,19,44,0.9090909090909092,0,0,1
2019,9,23,20,20,0.8,0,0,1
2019,9,23,21,21,0.9047619047619048,0,0,1
2019,9,23,22,6,1.0,0,0,1
2019,9,23,23,6,0.5,0,0,1
2019,9,24,1,1,1.0,0,1,1
2019,9,24,2,1,0.0,0,1,1
2019,9,24,3,1,1.0,0,1,1
2019,9,24,4,1,1.0,0,1,1
2019,9,24,5,2,1.0,0,1,1
2019,9,24,6,10,1.0,0,1,1
2019,9,24,7,37,1.0,0,1,1
2019,9,24,8,32,0.9375,0,1,1
2019,9,24,9,17,0.8823529411764706,0,1,1
2019,9,24,10,9,0.6666666666666666,0,1,1
2019,9,24,11,12,0.6666666666666666,0,1,1
2019,9,24,12,21,0.6666666666666666,0,1,1
2019,9,24,13,24,0.4583333333333333,0,1,1
2019,9,24,14,20,0.7,0,1,1
2019,9,24,15,33,0.696969696969697,0,1,1
2019,9,24,16,28,0.8928571428571429,0,1,1
2019,9,24,17,66,0.8787878787878788,0,1,1
2019,9,24,18,89,0.8202247191011236,0,1,1
2019,9,24,19,51,0.8823529411764706,0,1,1
2019,9,24,20,15,0.6666666666666666,0,1,1
2019,9,24,21,14,0.9285714285714286,0,1,1
2019,9,24,22,5,0.6,0,1,1
2019,9,24,23,3,0.3333333333333333,0,1,1
2019,9,25,0,4,0.5,0,2,1
2019,9,25,1,1,0.0,0,2,1
2019,9,25,4,2,1.0,0,2,1
2019,9,25,5,3,1.0,0,2,1
2019,9,25,6,6,1.0,0,2,1
2019,9,25,7,39,0.8974358974358975,0,2,1
2019,9,25,8,32,0.96875,0,2,1
2019,9,25,9,28,1.0,0,2,1
2019,9,25,10,14,0.7857142857142857,0,2,1
2019,9,25,11,14,0.7142857142857143,0,2,1
2019,9,25,12,21,0.6190476190476191,0,2,1
2019,9,25,13,15,0.7333333333333333,0,2,1
2019,9,25,14,22,0.6363636363636364,0,2,1
2019,9,25,15,20,0.75,0,2,1
2019,9,25,16,37,0.8918918918918919,0,2,1
2019,9,25,17,57,0.912280701754386,0,2,1
2019,9,25,18,107,0.8785046728971962,0,2,1
2019,9,25,19,65,0.9076923076923076,0,2,1
2019,9,25,20,35,0.8,0,2,1
2019,9,25,21,15,0.6,0,2,1
2019,9,25,22,5,0.8,0,2,1
2019,9,25,23,9,0.6666666666666666,0,2,1
2019,9,26,6,7,1.0,0,3,1
2019,9,26,7,30,0.9666666666666668,0,3,1
2019,9,26,8,32,0.84375,0,3,1
2019,9,26,9,20,1.0,0,3,1
2019,9,26,10,7,1.0,0,3,1
2019,9,26,11,11,0.7272727272727273,0,3,1
2019,9,26,12,17,0.7058823529411765,0,3,1
2019,9,26,13,14,0.5714285714285714,0,3,1
2019,9,26,14,22,0.7727272727272727,0,3,1
2019,9,26,15,30,0.7333333333333333,0,3,1
2019,9,26,16,21,0.7619047619047619,0,3,1
2019,9,26,17,33,0.8787878787878788,0,3,1
2019,9,26,18,73,0.8767123287671232,0,3,1
2019,9,26,19,40,0.875,0,3,1
2019,9,26,20,27,0.925925925925926,0,3,1
2019,9,26,21,13,0.9230769230769232,0,3,1
2019,9,26,23,3,0.6666666666666666,0,3,1
2019,9,27,1,1,1.0,0,4,1
2019,9,27,4,1,1.0,0,4,1
2019,9,27,5,1,1.0,0,4,1
2019,9,27,6,6,1.0,0,4,1
2019,9,27,7,22,1.0,0,4,1
2019,9,27,8,27,0.8518518518518519,0,4,1
2019,9,27,9,22,1.0,0,4,1
2019,9,27,10,17,0.8235294117647058,0,4,1
2019,9,27,11,33,0.4545454545454545,0,4,1
2019,9,27,12,19,0.6842105263157895,0,4,1
2019,9,27,13,22,0.4545454545454545,0,4,1
2019,9,27,14,45,0.6444444444444445,0,4,1
2019,9,27,15,47,0.5531914893617021,0,4,1
2019,9,27,16,52,0.8653846153846154,0,4,1
2019,9,27,17,74,0.6756756756756757,0,4,1
2019,9,27,18,98,0.8775510204081632,0,4,1
2019,9,27,19,57,0.6842105263157895,0,4,1
2019,9,27,20,41,0.7560975609756098,0,4,1
2019,9,27,21,12,0.75,0,4,1
2019,9,27,22,17,0.7058823529411765,0,4,1
2019,9,27,23,4,0.75,0,4,1
2019,9,28,6,2,0.5,0,5,0
2019,9,28,7,5,1.0,0,5,0
2019,9,28,8,12,0.4166666666666667,0,5,0
2019,9,28,9,23,0.7391304347826086,0,5,0
2019,9,28,10,40,0.575,0,5,0
2019,9,28,11,31,0.6451612903225806,0,5,0
2019,9,28,12,37,0.6216216216216216,0,5,0
2019,9,28,13,53,0.3396226415094339,0,5,0
2019,9,28,14,50,0.42,0,5,0
2019,9,28,15,61,0.4098360655737705,0,5,0
2019,9,28,16,53,0.5283018867924528,0,5,0
2019,9,28,17,45,0.5555555555555556,0,5,0
2019,9,28,18,54,0.5,0,5,0
2019,9,28,19,29,0.4482758620689655,0,5,0
2019,9,28,20,20,0.8,0,5,0
2019,9,28,21,14,0.4285714285714285,0,5,0
2019,9,28,22,11,0.6363636363636364,0,5,0
2019,9,28,23,1,1.0,0,5,0
2019,9,29,0,2,1.0,0,6,0
2019,9,29,1,4,0.0,0,6,0
2019,9,29,6,1,1.0,0,6,0
2019,9,29,7,8,0.5,0,6,0
2019,9,29,8,6,1.0,0,6,0
2019,9,29,9,20,0.7,0,6,0
2019,9,29,10,26,0.6923076923076923,0,6,0
2019,9,29,11,36,0.6111111111111112,0,6,0
2019,9,29,12,39,0.6153846153846154,0,6,0
2019,9,29,13,46,0.6086956521739131,0,6,0
2019,9,29,14,50,0.62,0,6,0
2019,9,29,15,35,0.4571428571428571,0,6,0
2019,9,29,16,54,0.5925925925925926,0,6,0
2019,9,29,17,37,0.7297297297297297,0,6,0
2019,9,29,18,58,0.4310344827586206,0,6,0
2019,9,29,19,23,0.8260869565217391,0,6,0
2019,9,29,20,10,1.0,0,6,0
2019,9,29,21,15,0.6666666666666666,0,6,0
2019,9,29,22,6,0.8333333333333334,0,6,0
2019,9,29,23,2,1.0,0,6,0
2019,9,30,0,1,1.0,0,0,1
2019,9,30,5,2,1.0,0,0,1
2019,9,30,6,7,1.0,0,0,1
2019,9,30,7,16,0.875,0,0,1
2019,9,30,8,30,0.8,0,0,1
2019,9,30,9,26,0.9615384615384616,0,0,1
2019,9,30,10,10,1.0,0,0,1
2019,9,30,11,11,0.7272727272727273,0,0,1
2019,9,30,12,9,0.8888888888888888,0,0,1
2019,9,30,13,20,0.55,0,0,1
2019,9,30,14,12,0.75,0,0,1
2019,9,30,15,12,0.75,0,0,1
2019,9,30,16,20,0.85,0,0,1
2019,9,30,17,75,0.8133333333333334,0,0,1
2019,9,30,18,70,0.8571428571428571,0,0,1
2019,9,30,19,45,0.8888888888888888,0,0,1
2019,9,30,20,37,0.7837837837837838,0,0,1
2019,9,30,21,16,0.625,0,0,1
2019,9,30,22,10,1.0,0,0,1
2019,9,30,23,2,1.0,0,0,1
2019,10,1,4,1,1.0,0,1,1
2019,10,1,5,1,1.0,0,1,1
2019,10,1,6,7,1.0,0,1,1
2019,10,1,7,22,0.9545454545454546,0,1,1
2019,10,1,8,28,0.9642857142857144,0,1,1
2019,10,1,9,27,0.8518518518518519,0,1,1
2019,10,1,10,8,0.625,0,1,1
2019,10,1,11,22,0.8636363636363636,0,1,1
2019,10,1,12,12,0.5,0,1,1
2019,10,1,13,19,0.631578947368421,0,1,1
2019,10,1,14,12,0.5833333333333334,0,1,1
2019,10,1,15,12,0.8333333333333334,0,1,1
2019,10,1,16,19,0.7894736842105263,0,1,1
2019,10,1,17,90,0.8777777777777778,0,1,1
2019,10,1,18,98,0.9285714285714286,0,1,1
2019,10,1,19,68,0.8382352941176471,0,1,1
2019,10,1,20,31,0.8387096774193549,0,1,1
2019,10,1,21,25,0.92,0,1,1
2019,10,1,22,7,0.5714285714285714,0,1,1
2019,10,1,23,4,1.0,0,1,1
2019,10,2,0,9,0.4444444444444444,0,2,1
2019,10,2,2,4,0.0,0,2,1
2019,10,2,4,1,1.0,0,2,1
2019,10,2,5,1,1.0,0,2,1
2019,10,2,6,6,1.0,0,2,1
2019,10,2,7,31,0.9032258064516128,0,2,1
2019,10,2,8,36,0.9166666666666666,0,2,1
2019,10,2,9,20,1.0,0,2,1
2019,10,2,10,14,0.8571428571428571,0,2,1
2019,10,2,11,14,0.6428571428571429,0,2,1
2019,10,2,12,13,1.0,0,2,1
2019,10,2,13,13,0.6923076923076923,0,2,1
2019,10,2,14,20,0.7,0,2,1
2019,10,2,15,28,0.7142857142857143,0,2,1
2019,10,2,16,28,0.6428571428571429,0,2,1
2019,10,2,17,66,0.8636363636363636,0,2,1
2019,10,2,18,20,0.9,0,2,1
2019,10,2,19,15,1.0,0,2,1
2019,10,2,20,18,0.8333333333333334,0,2,1
2019,10,2,21,13,0.8461538461538461,0,2,1
2019,10,2,22,7,0.8571428571428571,0,2,1
2019,10,2,23,7,0.5714285714285714,0,2,1
2019,10,3,0,1,1.0,0,3,1
2019,10,3,5,1,1.0,0,3,1
2019,10,3,6,1,1.0,0,3,1
2019,10,3,7,10,1.0,0,3,1
2019,10,3,8,6,1.0,0,3,1
2019,10,3,9,4,1.0,0,3,1
2019,10,3,10,6,1.0,0,3,1
2019,10,3,11,3,0.6666666666666666,0,3,1
2019,10,3,12,7,0.8571428571428571,0,3,1
2019,10,3,13,3,1.0,0,3,1
2019,10,3,14,7,0.5714285714285714,0,3,1
2019,10,3,15,14,0.5714285714285714,0,3,1
2019,10,3,16,9,0.7777777777777778,0,3,1
2019,10,3,17,18,0.9444444444444444,0,3,1
2019,10,3,18,23,0.9565217391304348,0,3,1
2019,10,3,19,12,0.9166666666666666,0,3,1
2019,10,3,20,9,0.8888888888888888,0,3,1
2019,10,3,21,6,0.6666666666666666,0,3,1
2019,10,3,22,1,1.0,0,3,1
2019,10,4,0,3,0.3333333333333333,0,4,1
2019,10,4,2,1,1.0,0,4,1
2019,10,4,4,1,1.0,0,4,1
2019,10,4,6,4,1.0,0,4,1
2019,10,4,7,22,0.9545454545454546,0,4,1
2019,10,4,8,30,1.0,0,4,1
2019,10,4,9,21,0.8571428571428571,0,4,1
2019,10,4,10,14,0.8571428571428571,0,4,1
2019,10,4,11,21,0.5714285714285714,0,4,1
2019,10,4,12,18,0.8333333333333334,0,4,1
2019,10,4,13,18,0.6666666666666666,0,4,1
2019,10,4,14,32,0.71875,0,4,1
2019,10,4,15,38,0.7368421052631579,0,4,1
2019,10,4,16,32,0.84375,0,4,1
2019,10,4,17,69,0.8405797101449275,0,4,1
2019,10,4,18,55,0.8181818181818182,0,4,1
2019,10,4,19,36,0.7222222222222222,0,4,1
2019,10,4,20,11,0.7272727272727273,0,4,1
2019,10,4,21,4,1.0,0,4,1
2019,10,4,22,3,1.0,0,4,1
2019,10,4,23,2,0.5,0,4,1
2019,10,5,0,5,1.0,0,5,0
2019,10,5,2,3,1.0,0,5,0
2019,10,5,6,1,1.0,0,5,0
2019,10,5,7,6,1.0,0,5,0
2019,10,5,8,7,1.0,0,5,0
2019,10,5,9,9,0.8888888888888888,0,5,0
2019,10,5,10,14,0.7142857142857143,0,5,0
2019,10,5,11,19,0.5263157894736842,0,5,0
2019,10,5,12,39,0.4871794871794871,0,5,0
2019,10,5,13,28,0.6785714285714286,0,5,0
2019,10,5,14,44,0.5681818181818182,0,5,0
2019,10,5,15,56,0.4642857142857143,0,5,0
2019,10,5,16,32,0.6875,0,5,0
2019,10,5,17,34,0.5882352941176471,0,5,0
2019,10,5,18,18,0.5555555555555556,0,5,0
2019,10,5,19,15,0.4666666666666667,0,5,0
2019,10,5,20,12,0.9166666666666666,0,5,0
2019,10,5,21,8,0.75,0,5,0
2019,10,5,22,9,1.0,0,5,0
2019,10,5,23,4,1.0,0,5,0
2019,10,6,0,3,0.6666666666666666,0,6,0
2019,10,6,1,4,0.25,0,6,0
2019,10,6,2,1,1.0,0,6,0
2019,10,6,3,3,0.6666666666666666,0,6,0
2019,10,6,5,1,1.0,0,6,0
2019,10,6,7,2,1.0,0,6,0
2019,10,6,8,4,1.0,0,6,0
2019,10,6,9,15,1.0,0,6,0
2019,10,6,10,11,0.4545454545454545,0,6,0
2019,10,6,11,13,0.9230769230769232,0,6,0
2019,10,6,12,43,0.5116279069767442,0,6,0
2019,10,6,13,27,0.5925925925925926,0,6,0
2019,10,6,14,22,0.6818181818181818,0,6,0
2019,10,6,15,13,0.6923076923076923,0,6,0
2019,10,6,16,32,0.5,0,6,0
2019,10,6,17,29,0.7241379310344828,0,6,0
2019,10,6,18,16,0.8125,0,6,0
2019,10,6,19,8,0.875,0,6,0
2019,10,6,20,6,0.8333333333333334,0,6,0
2019,10,6,21,19,0.7894736842105263,0,6,0
2019,10,7,5,1,1.0,0,0,1
2019,10,7,6,6,1.0,0,0,1
2019,10,7,7,21,0.9523809523809524,0,0,1
2019,10,7,8,35,0.9714285714285714,0,0,1
2019,10,7,9,16,0.875,0,0,1
2019,10,7,10,9,1.0,0,0,1
2019,10,7,11,10,0.7,0,0,1
2019,10,7,12,12,0.5,0,0,1
2019,10,7,13,9,0.6666666666666666,0,0,1
2019,10,7,14,17,0.6470588235294118,0,0,1
2019,10,7,15,33,0.7575757575757576,0,0,1
2019,10,7,16,25,0.76,0,0,1
2019,10,7,17,62,0.8225806451612904,0,0,1
2019,10,7,18,77,0.961038961038961,0,0,1
2019,10,7,19,33,0.9696969696969696,0,0,1
2019,10,7,20,5,1.0,0,0,1
2019,10,7,21,4,1.0,0,0,1
2019,10,7,22,4,1.0,0,0,1
2019,10,8,5,3,1.0,0,1,1
2019,10,8,6,4,1.0,0,1,1
2019,10,8,7,17,1.0,0,1,1
2019,10,8,8,21,1.0,0,1,1
2019,10,8,9,12,1.0,0,1,1
2019,10,8,10,10,1.0,0,1,1
2019,10,8,11,11,0.6363636363636364,0,1,1
2019,10,8,12,6,0.8333333333333334,0,1,1
2019,10,8,13,4,1.0,0,1,1
2019,10,8,14,23,0.8695652173913043,0,1,1
2019,10,8,15,24,0.9583333333333334,0,1,1
2019,10,8,16,22,0.8636363636363636,0,1,1
2019,10,8,17,75,0.9066666666666666,0,1,1
2019,10,8,18,85,0.8823529411764706,0,1,1
2019,10,8,19,39,0.8461538461538461,0,1,1
2019,10,8,20,15,0.9333333333333332,0,1,1
2019,10,8,21,11,1.0,0,1,1
2019,10,8,22,5,0.8,0,1,1
2019,10,8,23,4,1.0,0,1,1
2019,10,9,4,3,1.0,0,2,1
2019,10,9,5,2,1.0,0,2,1
2019,10,9,6,8,1.0,0,2,1
2019,10,9,7,12,1.0,0,2,1
2019,10,9,8,20,0.9,0,2,1
2019,10,9,9,12,0.8333333333333334,0,2,1
2019,10,9,14,2,1.0,0,2,1
2019,10,9,15,6,0.8333333333333334,0,2,1
2019,10,9,16,9,1.0,0,2,1
2019,10,9,17,28,0.9642857142857144,0,2,1
2019,10,9,18,38,0.9473684210526316,0,2,1
2019,10,9,19,22,0.8636363636363636,0,2,1
2019,10,9,20,12,1.0,0,2,1
2019,10,9,21,15,0.6666666666666666,0,2,1
2019,10,9,22,2,1.0,0,2,1
2019,10,9,23,1,1.0,0,2,1
2019,10,10,1,1,1.0,0,3,1
2019,10,10,6,8,1.0,0,3,1
2019,10,10,7,22,0.9545454545454546,0,3,1
2019,10,10,8,26,0.9615384615384616,0,3,1
2019,10,10,9,21,0.9523809523809524,0,3,1
2019,10,10,10,12,0.8333333333333334,0,3,1
2019,10,10,11,12,0.75,0,3,1
2019,10,10,12,20,0.65,0,3,1
2019,10,10,13,7,0.7142857142857143,0,3,1
2019,10,10,14,27,0.6296296296296297,0,3,1
2019,10,10,15,26,0.7307692307692307,0,3,1
2019,10,10,16,28,0.7142857142857143,0,3,1
2019,10,10,17,58,0.8448275862068966,0,3,1
2019,10,10,18,78,0.8974358974358975,0,3,1
2019,10,10,19,49,0.8571428571428571,0,3,1
2019,10,10,20,25,0.96,0,3,1
2019,10,10,21,7,1.0,0,3,1
2019,10,10,22,6,1.0,0,3,1
2019,10,10,23,2,1.0,0,3,1
2019,10,11,0,1,1.0,0,4,1
2019,10,11,5,1,1.0,0,4,1
2019,10,11,6,6,0.8333333333333334,0,4,1
2019,10,11,7,17,0.9411764705882352,0,4,1
2019,10,11,8,25,1.0,0,4,1
2019,10,11,9,24,0.875,0,4,1
2019,10,11,10,7,0.5714285714285714,0,4,1
2019,10,11,11,13,1.0,0,4,1
2019,10,11,12,7,0.7142857142857143,0,4,1
2019,10,11,13,19,0.7368421052631579,0,4,1
2019,10,11,14,19,0.6842105263157895,0,4,1
2019,10,11,15,36,0.6944444444444444,0,4,1
2019,10,11,16,48,0.8125,0,4,1
2019,10,11,17,65,0.8615384615384616,0,4,1
2019,10,11,18,50,0.82,0,4,1
2019,10,11,19,25,1.0,0,4,1
2019,10,11,20,18,0.7777777777777778,0,4,1
2019,10,11,21,13,0.7692307692307693,0,4,1
2019,10,11,22,6,1.0,0,4,1
2019,10,11,23,4,0.25,0,4,1
2019,10,12,0,1,1.0,0,5,0
2019,10,12,2,1,1.0,0,5,0
2019,10,12,4,1,1.0,0,5,0
2019,10,12,5,1,1.0,0,5,0
2019,10,12,6,1,1.0,0,5,0
2019,10,12,7,6,1.0,0,5,0
2019,10,12,8,8,1.0,0,5,0
2019,10,12,9,10,0.9,0,5,0
2019,10,12,10,26,0.6153846153846154,0,5,0
2019,10,12,11,24,0.7916666666666666,0,5,0
2019,10,12,12,36,0.5555555555555556,0,5,0
2019,10,12,13,37,0.5945945945945946,0,5,0
2019,10,12,14,16,0.375,0,5,0
2019,10,12,15,38,0.4210526315789473,0,5,0
2019,10,12,16,55,0.5636363636363636,0,5,0
2019,10,12,17,41,0.4878048780487805,0,5,0
2019,10,12,18,18,0.8333333333333334,0,5,0
2019,10,12,19,14,0.7142857142857143,0,5,0
2019,10,12,20,9,0.7777777777777778,0,5,0
2019,10,12,21,5,0.0,0,5,0
2019,10,12,22,5,0.8,0,5,0
2019,10,12,23,8,0.875,0,5,0
2019,10,13,0,2,1.0,0,6,0
2019,10,13,1,3,0.6666666666666666,0,6,0
2019,10,13,7,3,1.0,0,6,0
2019,10,13,8,10,0.8,0,6,0
2019,10,13,9,17,0.7058823529411765,0,6,0
2019,10,13,10,19,0.6842105263157895,0,6,0
2019,10,13,11,40,0.575,0,6,0
2019,10,13,12,41,0.6097560975609756,0,6,0
2019,10,13,13,47,0.5531914893617021,0,6,0
2019,10,13,14,27,0.3703703703703703,0,6,0
2019,10,13,15,39,0.282051282051282,0,6,0
2019,10,13,16,39,0.5128205128205128,0,6,0
2019,10,13,17,48,0.5416666666666666,0,6,0
2019,10,13,18,28,0.6071428571428571,0,6,0
2019,10,13,19,9,0.7777777777777778,0,6,0
2019,10,13,20,10,0.9,0,6,0
2019,10,13,21,3,1.0,0,6,0
2019,10,13,22,12,0.5,0,6,0
2019,10,13,23,4,0.5,0,6,0
2019,10,14,4,1,1.0,1,0,0
2019,10,14,5,1,1.0,1,0,0
2019,10,14,6,4,1.0,1,0,0
2019,10,14,7,9,1.0,1,0,0
2019,10,14,8,27,0.7777777777777778,1,0,0
2019,10,14,9,18,0.7777777777777778,1,0,0
2019,10,14,10,14,0.6428571428571429,1,0,0
2019,10,14,11,20,0.35,1,0,0
2019,10,14,12,28,0.5714285714285714,1,0,0
2019,10,14,13,15,0.4666666666666667,1,0,0
2019,10,14,14,16,0.5,1,0,0
2019,10,14,15,29,0.4137931034482758,1,0,0
2019,10,14,16,46,0.7391304347826086,1,0,0
2019,10,14,17,82,0.8170731707317073,1,0,0
2019,10,14,18,75,0.8,1,0,0
2019,10,14,19,44,0.8409090909090909,1,0,0
2019,10,14,20,20,0.75,1,0,0
2019,10,14,21,9,0.6666666666666666,1,0,0
2019,10,14,22,4,0.5,1,0,0
2019,10,14,23,2,1.0,1,0,0
2019,10,15,5,1,1.0,0,1,1
2019,10,15,6,4,1.0,0,1,1
2019,10,15,7,17,1.0,0,1,1
2019,10,15,8,40,0.975,0,1,1
2019,10,15,9,33,0.7575757575757576,0,1,1
2019,10,15,10,16,0.6875,0,1,1
2019,10,15,11,10,0.8,0,1,1
2019,10,15,12,13,0.5384615384615384,0,1,1
2019,10,15,13,15,0.8,0,1,1
2019,10,15,14,34,0.6176470588235294,0,1,1
2019,10,15,15,24,0.875,0,1,1
2019,10,15,16,14,0.8571428571428571,0,1,1
2019,10,15,17,73,0.8767123287671232,0,1,1
2019,10,15,18,79,0.8987341772151899,0,1,1
2019,10,15,19,42,0.9523809523809524,0,1,1
2019,10,15,20,24,0.9166666666666666,0,1,1
2019,10,15,21,12,0.5833333333333334,0,1,1
2019,10,15,22,3,0.6666666666666666,0,1,1
2019,10,15,23,1,1.0,0,1,1
2019,10,16,1,1,1.0,0,2,1
2019,10,16,2,1,1.0,0,2,1
2019,10,16,4,3,1.0,0,2,1
2019,10,16,5,2,1.0,0,2,1
2019,10,16,6,6,0.6666666666666666,0,2,1
2019,10,16,7,15,0.7333333333333333,0,2,1
2019,10,16,8,26,1.0,0,2,1
2019,10,16,9,19,0.9473684210526316,0,2,1
2019,10,16,10,11,1.0,0,2,1
2019,10,16,11,12,0.5833333333333334,0,2,1
2019,10,16,12,13,0.5384615384615384,0,2,1
2019,10,16,13,10,0.7,0,2,1
2019,10,16,14,6,0.3333333333333333,0,2,1
2019,10,16,15,8,0.875,0,2,1
2019,10,16,16,7,1.0,0,2,1
2019,10,16,17,2,1.0,0,2,1
2019,10,16,18,4,1.0,0,2,1
2019,10,16,19,2,1.0,0,2,1
2019,10,16,20,2,1.0,0,2,1
2019,10,16,21,1,0.0,0,2,1
2019,10,16,22,1,1.0,0,2,1
2019,10,16,23,1,1.0,0,2,1
2019,10,17,1,1,1.0,0,3,1
2019,10,17,5,1,1.0,0,3,1
2019,10,17,6,2,1.0,0,3,1
2019,10,17,7,8,1.0,0,3,1
2019,10,17,8,23,0.8695652173913043,0,3,1
2019,10,17,9,13,0.9230769230769232,0,3,1
2019,10,17,10,7,1.0,0,3,1
2019,10,17,11,5,1.0,0,3,1
2019,10,17,12,6,1.0,0,3,1
2019,10,17,13,3,1.0,0,3,1
2019,10,17,14,8,1.0,0,3,1
2019,10,17,15,21,0.7142857142857143,0,3,1
2019,10,17,16,17,0.9411764705882352,0,3,1
2019,10,17,17,43,0.9534883720930232,0,3,1
2019,10,17,18,40,0.925,0,3,1
2019,10,17,19,23,0.9565217391304348,0,3,1
2019,10,17,20,11,1.0,0,3,1
2019,10,17,21,4,1.0,0,3,1
2019,10,17,22,3,1.0,0,3,1
2019,10,17,23,2,0.5,0,3,1
2019,10,18,0,1,0.0,0,4,1
2019,10,18,4,1,1.0,0,4,1
2019,10,18,6,7,1.0,0,4,1
2019,10,18,7,8,1.0,0,4,1
2019,10,18,8,15,0.9333333333333332,0,4,1
2019,10,18,9,27,1.0,0,4,1
2019,10,18,10,8,0.875,0,4,1
2019,10,18,11,10,0.8,0,4,1
2019,10,18,12,10,0.8,0,4,1
2019,10,18,13,10,0.8,0,4,1
2019,10,18,14,19,0.631578947368421,0,4,1
2019,10,18,15,17,1.0,0,4,1
2019,10,18,16,33,0.8484848484848485,0,4,1
2019,10,18,17,52,0.903846153846154,0,4,1
2019,10,18,18,40,0.875,0,4,1
2019,10,18,19,17,0.8823529411764706,0,4,1
2019,10,18,20,12,1.0,0,4,1
2019,10,18,21,7,0.8571428571428571,0,4,1
2019,10,18,22,1,1.0,0,4,1
2019,10,18,23,2,1.0,0,4,1
2019,10,19,0,1,1.0,0,5,0
2019,10,19,1,1,0.0,0,5,0
2019,10,19,6,1,1.0,0,5,0
2019,10,19,7,2,1.0,0,5,0
2019,10,19,8,9,1.0,0,5,0
2019,10,19,9,15,0.7333333333333333,0,5,0
2019,10,19,10,21,0.6666666666666666,0,5,0
2019,10,19,11,19,0.8421052631578947,0,5,0
2019,10,19,12,29,0.6206896551724138,0,5,0
2019,10,19,13,33,0.5454545454545454,0,5,0
2019,10,19,14,33,0.5151515151515151,0,5,0
2019,10,19,15,30,0.5666666666666667,0,5,0
2019,10,19,16,27,0.6296296296296297,0,5,0
2019,10,19,17,35,0.5142857142857142,0,5,0
2019,10,19,18,21,0.6666666666666666,0,5,0
2019,10,19,19,16,0.6875,0,5,0
2019,10,19,20,9,0.6666666666666666,0,5,0
2019,10,19,21,9,0.6666666666666666,0,5,0
2019,10,19,22,1,1.0,0,5,0
2019,10,19,23,7,0.2857142857142857,0,5,0
2019,10,20,0,4,0.5,0,6,0
2019,10,20,6,1,1.0,0,6,0
2019,10,20,7,5,0.8,0,6,0
2019,10,20,8,6,1.0,0,6,0
2019,10,20,9,11,0.6363636363636364,0,6,0
2019,10,20,10,24,0.625,0,6,0
2019,10,20,11,18,0.8333333333333334,0,6,0
2019,10,20,12,17,0.5294117647058824,0,6,0
2019,10,20,13,7,0.8571428571428571,0,6,0
2019,10,20,14,4,0.75,0,6,0
2019,10,20,15,2,0.5,0,6,0
2019,10,20,17,5,0.6,0,6,0
2019,10,20,18,2,1.0,0,6,0
2019,10,20,20,2,1.0,0,6,0
2019,10,20,21,5,1.0,0,6,0
2019,10,20,22,1,1.0,0,6,0
2019,10,20,23,2,1.0,0,6,0
2019,10,21,3,1,1.0,0,0,1
2019,10,21,5,1,1.0,0,0,1
2019,10,21,6,2,1.0,0,0,1
2019,10,21,7,18,1.0,0,0,1
2019,10,21,8,27,1.0,0,0,1
2019,10,21,9,18,0.8333333333333334,0,0,1
2019,10,21,10,12,0.5,0,0,1
2019,10,21,11,10,0.6,0,0,1
2019,10,21,12,18,0.6111111111111112,0,0,1
2019,10,21,13,2,0.5,0,0,1
2019,10,21,14,28,0.5714285714285714,0,0,1
2019,10,21,15,39,0.6410256410256411,0,0,1
2019,10,21,16,35,0.6857142857142857,0,0,1
2019,10,21,17,55,0.8727272727272727,0,0,1
2019,10,21,18,78,0.8846153846153846,0,0,1
2019,10,21,19,38,0.9736842105263158,0,0,1
2019,10,21,20,25,0.84,0,0,1
2019,10,21,21,13,1.0,0,0,1
2019,10,21,22,1,1.0,0,0,1
2019,10,22,4,1,1.0,0,1,1
2019,10,22,6,4,1.0,0,1,1
2019,10,22,7,13,0.9230769230769232,0,1,1
2019,10,22,8,29,0.9655172413793104,0,1,1
2019,10,22,9,21,0.9047619047619048,0,1,1
2019,10,22,10,11,0.9090909090909092,0,1,1
2019,10,22,11,5,1.0,0,1,1
2019,10,22,12,10,0.8,0,1,1
2019,10,22,13,9,0.6666666666666666,0,1,1
2019,10,22,14,10,0.7,0,1,1
2019,10,22,15,17,1.0,0,1,1
2019,10,22,16,12,0.8333333333333334,0,1,1
2019,10,22,17,17,1.0,0,1,1
2019,10,22,18,14,0.9285714285714286,0,1,1
2019,10,22,19,11,0.9090909090909092,0,1,1
2019,10,22,20,4,0.75,0,1,1
2019,10,22,21,2,1.0,0,1,1
2019,10,22,22,1,1.0,0,1,1
2019,10,23,4,3,1.0,0,2,1
2019,10,23,5,1,1.0,0,2,1
2019,10,23,6,4,1.0,0,2,1
2019,10,23,7,21,0.9523809523809524,0,2,1
2019,10,23,8,24,0.9166666666666666,0,2,1
2019,10,23,9,24,0.8333333333333334,0,2,1
2019,10,23,10,9,1.0,0,2,1
2019,10,23,11,12,0.75,0,2,1
2019,10,23,12,13,0.3076923076923077,0,2,1
2019,10,23,13,17,0.8823529411764706,0,2,1
2019,10,23,14,19,0.7368421052631579,0,2,1
2019,10,23,15,40,0.625,0,2,1
2019,10,23,16,29,0.8620689655172413,0,2,1
2019,10,23,17,56,0.9285714285714286,0,2,1
2019,10,23,18,52,0.9423076923076924,0,2,1
2019,10,23,19,32,0.9375,0,2,1
2019,10,23,20,19,0.8421052631578947,0,2,1
2019,10,23,21,13,0.9230769230769232,0,2,1
2019,10,23,22,1,1.0,0,2,1
2019,10,23,23,3,1.0,0,2,1
2019,10,24,1,1,0.0,0,3,1
2019,10,24,2,1,1.0,0,3,1
2019,10,24,4,1,1.0,0,3,1
2019,10,24,6,7,1.0,0,3,1
2019,10,24,7,13,0.9230769230769232,0,3,1
2019,10,24,8,34,0.9117647058823528,0,3,1
2019,10,24,9,26,0.9230769230769232,0,3,1
2019,10,24,10,12,1.0,0,3,1
2019,10,24,11,17,0.5882352941176471,0,3,1
2019,10,24,12,16,0.625,0,3,1
2019,10,24,13,15,0.6666666666666666,0,3,1
2019,10,24,14,22,0.8181818181818182,0,3,1
2019,10,24,15,27,0.8148148148148148,0,3,1
2019,10,24,16,24,0.875,0,3,1
2019,10,24,17,69,0.9130434782608696,0,3,1
2019,10,24,18,68,0.8529411764705882,0,3,1
2019,10,24,19,41,0.902439024390244,0,3,1
2019,10,24,20,26,0.8846153846153846,0,3,1
2019,10,24,21,9,0.8888888888888888,0,3,1
2019,10,24,22,7,0.7142857142857143,0,3,1
2019,10,24,23,2,1.0,0,3,1
2019,10,25,0,2,0.5,0,4,1
2019,10,25,2,1,1.0,0,4,1
2019,10,25,4,1,1.0,0,4,1
2019,10,25,5,3,1.0,0,4,1
2019,10,25,6,4,1.0,0,4,1
2019,10,25,7,13,1.0,0,4,1
2019,10,25,8,24,1.0,0,4,1
2019,10,25,9,23,0.9130434782608696,0,4,1
2019,10,25,10,10,1.0,0,4,1
2019,10,25,11,21,0.8095238095238095,0,4,1
2019,10,25,12,22,1.0,0,4,1
2019,10,25,13,16,0.8125,0,4,1
2019,10,25,14,20,0.65,0,4,1
2019,10,25,15,38,0.631578947368421,0,4,1
2019,10,25,16,38,0.6842105263157895,0,4,1
2019,10,25,17,85,0.7764705882352941,0,4,1
2019,10,25,18,58,0.7931034482758621,0,4,1
2019,10,25,19,21,0.8571428571428571,0,4,1
2019,10,25,20,8,0.875,0,4,1
2019,10,25,21,2,1.0,0,4,1
2019,10,25,22,5,1.0,0,4,1
2019,10,25,23,5,1.0,0,4,1
2019,10,26,0,1,1.0,0,5,0
2019,10,26,4,1,1.0,0,5,0
2019,10,26,7,7,0.8571428571428571,0,5,0
2019,10,26,8,16,0.9375,0,5,0
2019,10,26,9,12,0.8333333333333334,0,5,0
2019,10,26,10,24,0.625,0,5,0
2019,10,26,11,17,0.5294117647058824,0,5,0
2019,10,26,12,34,0.7058823529411765,0,5,0
2019,10,26,13,47,0.6170212765957447,0,5,0
2019,10,26,14,39,0.5384615384615384,0,5,0
2019,10,26,15,37,0.4594594594594595,0,5,0
2019,10,26,16,19,0.5263157894736842,0,5,0
2019,10,26,17,31,0.6129032258064516,0,5,0
2019,10,26,18,17,0.5882352941176471,0,5,0
2019,10,26,19,19,0.4736842105263157,0,5,0
2019,10,26,20,3,0.6666666666666666,0,5,0
2019,10,26,21,2,1.0,0,5,0
2019,10,26,22,3,0.6666666666666666,0,5,0
2019,10,26,23,2,1.0,0,5,0
2019,10,27,1,2,1.0,0,6,0
2019,10,27,2,1,1.0,0,6,0
2019,10,27,9,1,1.0,0,6,0
2019,10,27,10,2,1.0,0,6,0
2019,10,27,12,3,0.3333333333333333,0,6,0
2019,10,27,14,3,1.0,0,6,0
2019,10,27,15,10,1.0,0,6,0
2019,10,27,16,15,0.7333333333333333,0,6,0
2019,10,27,17,6,0.6666666666666666,0,6,0
2019,10,27,18,15,0.8666666666666667,0,6,0
2019,10,27,19,5,1.0,0,6,0
2019,10,27,20,10,1.0,0,6,0
2019,10,27,21,7,0.7142857142857143,0,6,0
2019,10,28,0,1,0.0,0,0,1
2019,10,28,4,1,1.0,0,0,1
2019,10,28,5,1,1.0,0,0,1
2019,10,28,6,4,1.0,0,0,1
2019,10,28,7,9,1.0,0,0,1
2019,10,28,8,31,0.9032258064516128,0,0,1
2019,10,28,9,25,1.0,0,0,1
2019,10,28,10,13,0.7692307692307693,0,0,1
2019,10,28,11,7,0.8571428571428571,0,0,1
2019,10,28,12,12,0.5833333333333334,0,0,1
2019,10,28,13,6,1.0,0,0,1
2019,10,28,14,19,0.6842105263157895,0,0,1
2019,10,28,15,28,0.6071428571428571,0,0,1
2019,10,28,16,17,0.9411764705882352,0,0,1
2019,10,28,17,54,0.8333333333333334,0,0,1
2019,10,28,18,59,0.9152542372881356,0,0,1
2019,10,28,19,40,1.0,0,0,1
2019,10,28,20,14,1.0,0,0,1
2019,10,28,21,15,0.8,0,0,1
2019,10,28,22,4,1.0,0,0,1
2019,10,28,23,2,0.5,0,0,1
2019,10,29,0,2,1.0,0,1,1
2019,10,29,4,1,1.0,0,1,1
2019,10,29,5,1,1.0,0,1,1
2019,10,29,6,7,0.8571428571428571,0,1,1
2019,10,29,7,16,1.0,0,1,1
2019,10,29,8,25,0.96,0,1,1
2019,10,29,9,17,1.0,0,1,1
2019,10,29,10,5,0.4,0,1,1
2019,10,29,11,11,0.6363636363636364,0,1,1
2019,10,29,12,2,1.0,0,1,1
2019,10,29,13,1,1.0,0,1,1
2019,10,29,14,10,0.9,0,1,1
2019,10,29,15,18,0.8888888888888888,0,1,1
2019,10,29,16,12,1.0,0,1,1
2019,10,29,17,22,0.9545454545454546,0,1,1
2019,10,29,18,18,0.9444444444444444,0,1,1
2019,10,29,19,10,1.0,0,1,1
2019,10,29,20,12,0.8333333333333334,0,1,1
2019,10,29,21,13,0.9230769230769232,0,1,1
2019,10,29,22,5,0.6,0,1,1
2019,10,29,23,1,1.0,0,1,1
2019,10,30,0,1,0.0,0,2,1
2019,10,30,4,1,1.0,0,2,1
2019,10,30,6,2,1.0,0,2,1
2019,10,30,7,13,0.9230769230769232,0,2,1
2019,10,30,8,15,1.0,0,2,1
2019,10,30,9,23,0.8695652173913043,0,2,1
2019,10,30,10,7,1.0,0,2,1
2019,10,30,11,1,1.0,0,2,1
2019,10,30,12,4,1.0,0,2,1
2019,10,30,13,9,0.8888888888888888,0,2,1
2019,10,30,14,16,0.875,0,2,1
2019,10,30,15,16,0.8125,0,2,1
2019,10,30,16,23,0.8260869565217391,0,2,1
2019,10,30,17,53,0.9056603773584906,0,2,1
2019,10,30,18,42,1.0,0,2,1
2019,10,30,19,33,0.9090909090909092,0,2,1
2019,10,30,20,22,0.8181818181818182,0,2,1
2019,10,30,21,9,0.8888888888888888,0,2,1
2019,10,30,22,5,1.0,0,2,1
2019,10,30,23,2,1.0,0,2,1
2019,10,31,4,2,1.0,0,3,1
2019,10,31,6,1,1.0,0,3,1
2019,10,31,7,8,1.0,0,3,1
2019,10,31,8,10,1.0,0,3,1
2019,10,31,9,8,1.0,0,3,1
2019,10,31,10,4,0.75,0,3,1
2019,10,31,11,3,0.6666666666666666,0,3,1
2019,10,31,13,5,0.8,0,3,1
2019,10,31,14,16,0.9375,0,3,1
2019,10,31,15,16,0.875,0,3,1
2019,10,31,16,11,1.0,0,3,1
2019,10,31,17,46,0.8913043478260869,0,3,1
2019,10,31,18,7,0.8571428571428571,0,3,1
2019,10,31,19,5,1.0,0,3,1
2019,10,31,20,8,0.875,0,3,1
2019,10,31,21,12,1.0,0,3,1
2019,10,31,22,3,0.6666666666666666,0,3,1
2019,10,31,23,2,1.0,0,3,1
