year,month,day,hour,count,subrate
2019,8,1,0,2,1.0
2019,8,1,1,1,1.0
2019,8,1,4,1,1.0
2019,8,1,5,4,1.0
2019,8,1,6,24,1.0
2019,8,1,7,39,0.8974358974358975
2019,8,1,8,86,0.9186046511627907
2019,8,1,9,41,0.7073170731707317
2019,8,1,10,19,0.47368421052631576
2019,8,1,11,19,0.7894736842105263
2019,8,1,12,20,0.8
2019,8,1,13,15,0.3333333333333333
2019,8,1,14,16,0.5625
2019,8,1,15,32,0.625
2019,8,1,16,36,0.7222222222222222
2019,8,1,17,58,0.7931034482758621
2019,8,1,18,74,0.8243243243243243
2019,8,1,19,42,0.6904761904761905
2019,8,1,20,31,0.8064516129032258
2019,8,1,21,13,0.7692307692307693
2019,8,1,22,11,0.2727272727272727
2019,8,1,23,3,1.0
2019,8,2,0,4,1.0
2019,8,2,1,1,1.0
2019,8,2,4,1,1.0
2019,8,2,5,5,1.0
2019,8,2,6,15,0.8
2019,8,2,7,30,0.9333333333333333
2019,8,2,8,58,0.8793103448275862
2019,8,2,9,37,0.918918918918919
2019,8,2,10,18,0.5555555555555556
2019,8,2,11,11,0.7272727272727273
2019,8,2,12,14,0.7857142857142857
2019,8,2,13,18,0.6666666666666666
2019,8,2,14,19,0.6842105263157895
2019,8,2,15,34,0.7941176470588235
2019,8,2,16,45,0.6888888888888889
2019,8,2,17,47,0.7021276595744681
2019,8,2,18,52,0.6923076923076923
2019,8,2,19,36,0.7777777777777778
2019,8,2,20,22,0.8181818181818182
2019,8,2,21,15,0.8
2019,8,2,22,8,0.75
2019,8,2,23,3,1.0
2019,8,3,0,7,0.5714285714285714
2019,8,3,1,8,0.25
2019,8,3,2,1,1.0
2019,8,3,3,1,1.0
2019,8,3,5,1,0.0
2019,8,3,6,2,1.0
2019,8,3,7,9,0.7777777777777778
2019,8,3,8,8,0.75
2019,8,3,9,27,0.4074074074074074
2019,8,3,10,32,0.46875
2019,8,3,11,51,0.5490196078431373
2019,8,3,12,41,0.43902439024390244
2019,8,3,13,39,0.4358974358974359
2019,8,3,14,35,0.6285714285714286
2019,8,3,15,44,0.5454545454545454
2019,8,3,16,36,0.3333333333333333
2019,8,3,17,37,0.43243243243243246
2019,8,3,18,31,0.5806451612903226
2019,8,3,19,27,0.5925925925925926
2019,8,3,20,23,0.5217391304347826
2019,8,3,21,7,0.42857142857142855
2019,8,3,22,14,0.35714285714285715
2019,8,3,23,4,0.5
2019,8,4,1,1,1.0
2019,8,4,3,2,0.0
2019,8,4,7,4,1.0
2019,8,4,8,3,0.0
2019,8,4,9,13,0.38461538461538464
2019,8,4,10,26,0.4230769230769231
2019,8,4,11,18,0.5555555555555556
2019,8,4,12,55,0.36363636363636365
2019,8,4,13,24,0.625
2019,8,4,14,23,0.6086956521739131
2019,8,4,15,67,0.4626865671641791
2019,8,4,16,61,0.36065573770491804
2019,8,4,17,43,0.4883720930232558
2019,8,4,18,45,0.6222222222222222
2019,8,4,19,28,0.6785714285714286
2019,8,4,20,11,0.5454545454545454
2019,8,4,21,17,0.35294117647058826
2019,8,4,22,10,0.8
2019,8,4,23,5,0.8
2019,8,5,1,1,1.0
2019,8,5,5,5,1.0
2019,8,5,6,19,0.8947368421052632
2019,8,5,7,38,0.9736842105263158
2019,8,5,8,102,0.9019607843137255
2019,8,5,9,31,0.8709677419354839
2019,8,5,10,16,0.625
2019,8,5,11,22,0.7272727272727273
2019,8,5,12,12,0.5833333333333334
2019,8,5,13,9,0.4444444444444444
2019,8,5,14,13,0.5384615384615384
2019,8,5,15,21,0.5714285714285714
2019,8,5,16,32,0.6875
2019,8,5,17,56,0.8214285714285714
2019,8,5,18,64,0.890625
2019,8,5,19,44,0.6363636363636364
2019,8,5,20,32,0.71875
2019,8,5,21,24,0.7083333333333334
2019,8,5,22,5,0.8
2019,8,5,23,4,1.0
2019,8,6,0,1,1.0
2019,8,6,1,2,0.0
2019,8,6,5,8,1.0
2019,8,6,6,25,0.92
2019,8,6,7,50,0.92
2019,8,6,8,74,0.9594594594594594
2019,8,6,9,25,0.88
2019,8,6,10,23,0.6521739130434783
2019,8,6,11,15,0.8
2019,8,6,12,8,1.0
2019,8,6,13,1,1.0
2019,8,6,14,13,0.38461538461538464
2019,8,6,15,27,0.6296296296296297
2019,8,6,16,21,0.5714285714285714
2019,8,6,17,55,0.8363636363636363
2019,8,6,18,67,0.7761194029850746
2019,8,6,19,60,0.9
2019,8,6,20,22,0.8636363636363636
2019,8,6,21,14,0.8571428571428571
2019,8,6,22,10,0.8
2019,8,6,23,5,0.6
2019,8,7,0,2,1.0
2019,8,7,1,8,0.125
2019,8,7,2,2,1.0
2019,8,7,4,2,0.0
2019,8,7,5,8,0.875
2019,8,7,6,26,0.8846153846153846
2019,8,7,7,36,1.0
2019,8,7,8,66,0.8939393939393939
2019,8,7,9,36,0.8333333333333334
2019,8,7,10,24,0.6666666666666666
2019,8,7,11,14,0.9285714285714286
2019,8,7,12,8,0.75
2019,8,7,13,9,0.6666666666666666
2019,8,7,14,4,1.0
2019,8,7,15,5,1.0
2019,8,7,16,13,0.6153846153846154
2019,8,7,17,6,0.5
2019,8,7,18,7,0.7142857142857143
2019,8,7,19,6,1.0
2019,8,7,20,1,1.0
2019,8,7,21,2,1.0
2019,8,7,22,5,1.0
2019,8,7,23,1,1.0
2019,8,8,0,2,1.0
2019,8,8,1,3,0.0
2019,8,8,5,4,1.0
2019,8,8,6,18,0.9444444444444444
2019,8,8,7,40,1.0
2019,8,8,8,84,0.8928571428571429
2019,8,8,9,32,0.84375
2019,8,8,10,13,0.8461538461538461
2019,8,8,11,12,1.0
2019,8,8,12,16,0.625
2019,8,8,13,12,0.6666666666666666
2019,8,8,14,24,0.5833333333333334
2019,8,8,15,19,0.7894736842105263
2019,8,8,16,31,0.8387096774193549
2019,8,8,17,51,0.8235294117647058
2019,8,8,18,69,0.7681159420289855
2019,8,8,19,48,0.75
2019,8,8,20,11,0.7272727272727273
2019,8,8,21,13,1.0
2019,8,8,22,10,0.4
2019,8,8,23,5,0.8
2019,8,9,0,3,0.3333333333333333
2019,8,9,5,1,1.0
2019,8,9,6,18,0.8888888888888888
2019,8,9,7,39,0.9487179487179487
2019,8,9,8,72,0.9305555555555556
2019,8,9,9,38,0.868421052631579
2019,8,9,10,16,0.875
2019,8,9,11,27,0.5925925925925926
2019,8,9,12,17,0.5294117647058824
2019,8,9,13,18,0.6111111111111112
2019,8,9,14,17,0.7647058823529411
2019,8,9,15,50,0.6
2019,8,9,16,33,0.6060606060606061
2019,8,9,17,50,0.78
2019,8,9,18,43,0.813953488372093
2019,8,9,19,25,0.48
2019,8,9,20,16,1.0
2019,8,9,21,9,0.8888888888888888
2019,8,9,22,12,0.75
2019,8,9,23,5,0.4
2019,8,10,0,6,0.8333333333333334
2019,8,10,1,2,1.0
2019,8,10,5,1,1.0
2019,8,10,6,2,1.0
2019,8,10,7,3,1.0
2019,8,10,8,8,0.625
2019,8,10,9,23,0.6956521739130435
2019,8,10,10,34,0.5
2019,8,10,11,30,0.5333333333333333
2019,8,10,12,38,0.5263157894736842
2019,8,10,13,35,0.2857142857142857
2019,8,10,14,28,0.6428571428571429
2019,8,10,15,44,0.45454545454545453
2019,8,10,16,66,0.5303030303030303
2019,8,10,17,46,0.391304347826087
2019,8,10,18,56,0.4642857142857143
2019,8,10,19,28,0.6785714285714286
2019,8,10,20,14,0.14285714285714285
2019,8,10,21,14,1.0
2019,8,10,22,4,0.75
2019,8,10,23,4,0.25
2019,8,11,0,2,1.0
2019,8,11,2,1,1.0
2019,8,11,3,1,1.0
2019,8,11,4,1,1.0
2019,8,11,6,1,0.0
2019,8,11,7,4,1.0
2019,8,11,8,10,0.5
2019,8,11,9,35,0.6857142857142857
2019,8,11,10,27,0.48148148148148145
2019,8,11,11,28,0.6785714285714286
2019,8,11,12,37,0.6756756756756757
2019,8,11,13,43,0.5116279069767442
2019,8,11,14,41,0.3902439024390244
2019,8,11,15,37,0.5405405405405406
2019,8,11,16,59,0.4915254237288136
2019,8,11,17,42,0.5
2019,8,11,18,65,0.6153846153846154
2019,8,11,19,21,0.5714285714285714
2019,8,11,20,13,0.6153846153846154
2019,8,11,21,11,0.5454545454545454
2019,8,11,22,8,0.875
2019,8,11,23,3,0.6666666666666666
2019,8,12,0,3,0.0
2019,8,12,3,2,0.0
2019,8,12,5,3,1.0
2019,8,12,6,21,1.0
2019,8,12,7,65,0.9538461538461539
2019,8,12,8,105,0.9142857142857143
2019,8,12,9,39,0.717948717948718
2019,8,12,10,22,0.5454545454545454
2019,8,12,11,7,0.42857142857142855
2019,8,12,12,10,0.6
2019,8,12,13,15,0.8
2019,8,12,14,13,0.6153846153846154
2019,8,12,15,10,0.7
2019,8,12,16,28,0.5357142857142857
2019,8,12,17,57,0.8070175438596491
2019,8,12,18,76,0.75
2019,8,12,19,38,0.7105263157894737
2019,8,12,20,18,0.8333333333333334
2019,8,12,21,12,1.0
2019,8,12,22,15,0.5333333333333333
2019,8,12,23,5,0.6
2019,8,13,0,2,0.0
2019,8,13,1,2,0.0
2019,8,13,5,8,1.0
2019,8,13,6,19,0.8421052631578947
2019,8,13,7,35,0.9714285714285714
2019,8,13,8,58,0.9482758620689655
2019,8,13,9,18,0.9444444444444444
2019,8,13,10,15,0.9333333333333333
2019,8,13,11,19,0.5789473684210527
2019,8,13,12,3,0.6666666666666666
2019,8,13,13,12,0.75
2019,8,13,14,10,1.0
2019,8,13,15,33,0.48484848484848486
2019,8,13,16,25,0.76
2019,8,13,17,52,0.8846153846153846
2019,8,13,18,32,0.96875
2019,8,13,19,20,0.9
2019,8,13,20,24,0.7916666666666666
2019,8,13,21,9,0.7777777777777778
2019,8,13,22,7,1.0
2019,8,13,23,5,1.0
2019,8,14,0,1,1.0
2019,8,14,1,1,1.0
2019,8,14,3,1,1.0
2019,8,14,5,5,1.0
2019,8,14,6,24,0.9583333333333334
2019,8,14,7,40,0.9
2019,8,14,8,69,0.9565217391304348
2019,8,14,9,32,0.90625
2019,8,14,10,23,0.6956521739130435
2019,8,14,11,7,0.7142857142857143
2019,8,14,12,17,0.4117647058823529
2019,8,14,13,15,0.7333333333333333
2019,8,14,14,11,0.6363636363636364
2019,8,14,15,13,0.9230769230769231
2019,8,14,16,8,0.875
2019,8,14,17,41,0.8292682926829268
2019,8,14,18,37,0.8108108108108109
2019,8,14,19,44,0.7954545454545454
2019,8,14,20,21,0.9047619047619048
2019,8,14,21,23,0.6086956521739131
2019,8,14,22,5,1.0
2019,8,14,23,4,0.75
2019,8,15,5,5,1.0
2019,8,15,6,17,0.9411764705882353
2019,8,15,7,64,0.84375
2019,8,15,8,75,0.9466666666666667
2019,8,15,9,34,0.9117647058823529
2019,8,15,10,28,0.5714285714285714
2019,8,15,11,16,0.3125
2019,8,15,12,14,0.6428571428571429
2019,8,15,13,7,0.8571428571428571
2019,8,15,14,11,0.5454545454545454
2019,8,15,15,21,0.6666666666666666
2019,8,15,16,34,0.7352941176470589
2019,8,15,17,58,0.7413793103448276
2019,8,15,18,65,0.7692307692307693
2019,8,15,19,38,0.7894736842105263
2019,8,15,20,24,0.6666666666666666
2019,8,15,21,14,0.9285714285714286
2019,8,15,22,10,0.5
2019,8,15,23,5,0.8
2019,8,16,0,2,1.0
2019,8,16,1,1,1.0
2019,8,16,5,3,1.0
2019,8,16,6,15,1.0
2019,8,16,7,38,0.868421052631579
2019,8,16,8,66,0.8939393939393939
2019,8,16,9,44,0.9090909090909091
2019,8,16,10,17,0.5294117647058824
2019,8,16,11,19,0.3684210526315789
2019,8,16,12,28,0.42857142857142855
2019,8,16,13,21,0.5238095238095238
2019,8,16,14,36,0.6666666666666666
2019,8,16,15,34,0.6470588235294118
2019,8,16,16,47,0.574468085106383
2019,8,16,17,47,0.6808510638297872
2019,8,16,18,50,0.66
2019,8,16,19,26,0.6923076923076923
2019,8,16,20,14,0.2857142857142857
2019,8,16,21,9,0.6666666666666666
2019,8,16,22,11,0.6363636363636364
2019,8,16,23,2,1.0
2019,8,17,0,1,1.0
2019,8,17,2,1,1.0
2019,8,17,3,1,1.0
2019,8,17,4,1,1.0
2019,8,17,5,1,1.0
2019,8,17,6,1,0.0
2019,8,17,7,14,0.7142857142857143
2019,8,17,8,15,0.4666666666666667
2019,8,17,9,18,0.6111111111111112
2019,8,17,10,26,0.5384615384615384
2019,8,17,11,39,0.3076923076923077
2019,8,17,12,52,0.46153846153846156
2019,8,17,13,32,0.3125
2019,8,17,14,46,0.34782608695652173
2019,8,17,15,33,0.3333333333333333
2019,8,17,16,51,0.47058823529411764
2019,8,17,17,44,0.22727272727272727
2019,8,17,18,37,0.5945945945945946
2019,8,17,19,25,0.4
2019,8,17,20,17,0.47058823529411764
2019,8,17,21,15,0.4666666666666667
2019,8,17,22,14,0.8571428571428571
2019,8,17,23,9,0.7777777777777778
2019,8,18,0,3,1.0
2019,8,18,1,2,0.5
2019,8,18,6,1,1.0
2019,8,18,7,6,0.6666666666666666
2019,8,18,8,19,0.631578947368421
2019,8,18,9,7,0.8571428571428571
2019,8,18,10,40,0.55
2019,8,18,11,19,0.5263157894736842
2019,8,18,12,34,0.5
2019,8,18,13,14,0.6428571428571429
2019,8,18,14,25,0.6
2019,8,18,15,28,0.5
2019,8,18,16,27,0.37037037037037035
2019,8,18,17,12,0.5
2019,8,18,18,10,0.5
2019,8,18,19,15,0.6
2019,8,18,20,10,0.7
2019,8,18,21,5,0.8
2019,8,18,22,3,0.6666666666666666
2019,8,18,23,7,0.42857142857142855
2019,8,19,0,7,0.2857142857142857
2019,8,19,2,1,1.0
2019,8,19,5,3,1.0
2019,8,19,6,25,0.96
2019,8,19,7,49,0.9591836734693877
2019,8,19,8,80,0.925
2019,8,19,9,32,0.90625
2019,8,19,10,18,0.5
2019,8,19,11,8,1.0
2019,8,19,12,10,0.6
2019,8,19,13,16,0.625
2019,8,19,14,15,0.6
2019,8,19,15,12,0.75
2019,8,19,16,25,0.56
2019,8,19,17,39,0.8461538461538461
2019,8,19,18,46,0.8260869565217391
2019,8,19,19,49,0.7551020408163265
2019,8,19,20,15,0.6666666666666666
2019,8,19,21,12,0.75
2019,8,19,22,4,0.5
2019,8,19,23,1,1.0
2019,8,20,0,9,0.2222222222222222
2019,8,20,2,1,1.0
2019,8,20,4,1,0.0
2019,8,20,5,7,0.8571428571428571
2019,8,20,6,19,0.9473684210526315
2019,8,20,7,52,0.9230769230769231
2019,8,20,8,66,0.9393939393939394
2019,8,20,9,33,0.9696969696969697
2019,8,20,10,14,0.6428571428571429
2019,8,20,11,11,0.7272727272727273
2019,8,20,12,10,0.6
2019,8,20,13,23,0.5652173913043478
2019,8,20,14,18,0.5555555555555556
2019,8,20,15,19,0.7368421052631579
2019,8,20,16,32,0.71875
2019,8,20,17,67,0.8208955223880597
2019,8,20,18,56,0.7321428571428571
2019,8,20,19,33,0.7272727272727273
2019,8,20,20,33,0.696969696969697
2019,8,20,21,16,0.5625
2019,8,20,22,5,0.6
2019,8,20,23,1,1.0
2019,8,21,0,4,0.25
2019,8,21,5,8,1.0
2019,8,21,6,23,0.782608695652174
2019,8,21,7,43,0.9534883720930233
2019,8,21,8,68,0.8676470588235294
2019,8,21,9,38,0.8947368421052632
2019,8,21,10,23,0.5217391304347826
2019,8,21,11,15,0.4666666666666667
2019,8,21,12,6,0.8333333333333334
2019,8,21,13,12,0.9166666666666666
2019,8,21,14,8,0.875
2019,8,21,15,14,0.6428571428571429
2019,8,21,16,13,0.6153846153846154
2019,8,21,17,21,0.8095238095238095
2019,8,21,18,35,0.8857142857142857
2019,8,21,19,33,0.8484848484848485
2019,8,21,20,14,0.9285714285714286
2019,8,21,21,15,0.4666666666666667
2019,8,21,22,10,0.2
2019,8,21,23,4,0.75
2019,8,22,0,3,1.0
2019,8,22,5,5,1.0
2019,8,22,6,17,0.9411764705882353
2019,8,22,7,38,1.0
2019,8,22,8,61,0.9344262295081968
2019,8,22,9,38,0.868421052631579
2019,8,22,10,10,0.5
2019,8,22,11,13,0.5384615384615384
2019,8,22,12,11,0.9090909090909091
2019,8,22,13,29,0.41379310344827586
2019,8,22,14,9,1.0
2019,8,22,15,19,0.5789473684210527
2019,8,22,16,39,0.7948717948717948
2019,8,22,17,36,0.7222222222222222
2019,8,22,18,53,0.7547169811320755
2019,8,22,19,31,0.7741935483870968
2019,8,22,20,12,0.75
2019,8,22,21,7,0.7142857142857143
2019,8,22,23,4,1.0
2019,8,23,5,3,0.6666666666666666
2019,8,23,6,9,1.0
2019,8,23,7,20,0.9
2019,8,23,8,9,0.7777777777777778
2019,8,23,9,5,1.0
2019,8,23,10,7,1.0
2019,8,23,11,11,0.8181818181818182
2019,8,23,12,15,0.5333333333333333
2019,8,23,13,17,0.6470588235294118
2019,8,23,14,30,0.4666666666666667
2019,8,23,15,24,0.4583333333333333
2019,8,23,16,14,0.5714285714285714
2019,8,23,17,45,0.7111111111111111
2019,8,23,18,32,0.96875
2019,8,23,19,36,0.5833333333333334
2019,8,23,20,15,0.4
2019,8,23,21,10,0.8
2019,8,23,22,3,0.3333333333333333
2019,8,23,23,10,0.7
2019,8,24,0,1,1.0
2019,8,24,1,6,0.3333333333333333
2019,8,24,2,1,1.0
2019,8,24,7,5,0.4
2019,8,24,8,17,0.5882352941176471
2019,8,24,9,28,0.7142857142857143
2019,8,24,10,36,0.5277777777777778
2019,8,24,11,40,0.45
2019,8,24,12,44,0.38636363636363635
2019,8,24,13,40,0.675
2019,8,24,14,49,0.4489795918367347
2019,8,24,15,39,0.4358974358974359
2019,8,24,16,53,0.41509433962264153
2019,8,24,17,41,0.4634146341463415
2019,8,24,18,53,0.39622641509433965
2019,8,24,19,48,0.5
2019,8,24,20,22,0.45454545454545453
2019,8,24,21,12,0.25
2019,8,24,22,6,0.6666666666666666
2019,8,24,23,4,0.5
2019,8,25,0,2,0.5
2019,8,25,1,1,0.0
2019,8,25,2,1,1.0
2019,8,25,6,1,1.0
2019,8,25,7,4,1.0
2019,8,25,8,10,0.9
2019,8,25,9,19,0.5789473684210527
2019,8,25,10,28,0.6785714285714286
2019,8,25,11,28,0.5
2019,8,25,12,41,0.5609756097560976
2019,8,25,13,34,0.6764705882352942
2019,8,25,14,65,0.4153846153846154
2019,8,25,15,44,0.4318181818181818
2019,8,25,16,64,0.4375
2019,8,25,17,44,0.5909090909090909
2019,8,25,18,46,0.7391304347826086
2019,8,25,19,29,0.5862068965517241
2019,8,25,20,13,0.38461538461538464
2019,8,25,21,10,0.3
2019,8,25,22,2,0.5
2019,8,25,23,12,0.25
2019,8,26,1,2,0.5
2019,8,26,2,1,1.0
2019,8,26,5,4,0.5
2019,8,26,6,13,1.0
2019,8,26,7,49,0.9795918367346939
2019,8,26,8,70,0.9428571428571428
2019,8,26,9,40,0.8
2019,8,26,10,21,0.7142857142857143
2019,8,26,11,20,0.65
2019,8,26,12,16,0.5
2019,8,26,13,13,0.6153846153846154
2019,8,26,14,14,0.7142857142857143
2019,8,26,15,21,0.6666666666666666
2019,8,26,16,29,0.6551724137931034
2019,8,26,17,59,0.864406779661017
2019,8,26,18,59,0.8813559322033898
2019,8,26,19,50,0.76
2019,8,26,20,20,0.6
2019,8,26,21,5,0.8
2019,8,26,22,7,1.0
2019,8,26,23,1,1.0
2019,8,27,1,1,1.0
2019,8,27,2,2,1.0
2019,8,27,4,1,1.0
2019,8,27,5,6,0.8333333333333334
2019,8,27,6,21,0.9523809523809523
2019,8,27,7,52,1.0
2019,8,27,8,83,0.963855421686747
2019,8,27,9,48,0.8541666666666666
2019,8,27,10,22,0.7272727272727273
2019,8,27,11,13,0.7692307692307693
2019,8,27,12,12,0.75
2019,8,27,13,7,0.7142857142857143
2019,8,27,14,18,0.8333333333333334
2019,8,27,15,27,0.5925925925925926
2019,8,27,16,29,0.7586206896551724
2019,8,27,17,70,0.7142857142857143
2019,8,27,18,58,0.8275862068965517
2019,8,27,19,58,0.6724137931034483
2019,8,27,20,10,0.9
2019,8,27,21,14,0.8571428571428571
2019,8,27,22,3,1.0
2019,8,27,23,7,1.0
2019,8,28,1,1,1.0
2019,8,28,5,3,0.6666666666666666
2019,8,28,6,19,0.8947368421052632
2019,8,28,7,51,0.9803921568627451
2019,8,28,8,75,0.96
2019,8,28,9,58,0.8793103448275862
2019,8,28,10,9,0.8888888888888888
2019,8,28,11,9,0.6666666666666666
2019,8,28,12,12,0.5833333333333334
2019,8,28,13,3,1.0
2019,8,28,14,9,0.7777777777777778
2019,8,28,15,7,0.8571428571428571
2019,8,28,16,17,1.0
2019,8,28,17,41,0.8536585365853658
2019,8,28,18,31,0.8064516129032258
2019,8,28,19,15,0.9333333333333333
2019,8,28,20,7,1.0
2019,8,28,21,7,0.7142857142857143
2019,8,28,22,2,1.0
2019,8,28,23,3,1.0
2019,8,29,0,2,0.0
2019,8,29,2,1,1.0
2019,8,29,4,1,1.0
2019,8,29,5,5,1.0
2019,8,29,6,18,1.0
2019,8,29,7,44,0.9318181818181818
2019,8,29,8,62,0.9516129032258065
2019,8,29,9,46,0.8478260869565217
2019,8,29,10,13,0.6923076923076923
2019,8,29,11,14,0.8571428571428571
2019,8,29,12,15,0.8
2019,8,29,13,25,0.64
2019,8,29,14,18,0.6666666666666666
2019,8,29,15,26,0.7307692307692307
2019,8,29,16,40,0.6
2019,8,29,17,52,0.7884615384615384
2019,8,29,18,60,0.7333333333333333
2019,8,29,19,56,0.6964285714285714
2019,8,29,20,15,0.4666666666666667
2019,8,29,21,8,0.875
2019,8,29,22,8,0.5
2019,8,29,23,1,1.0
2019,8,30,0,1,1.0
2019,8,30,1,1,0.0
2019,8,30,2,1,1.0
2019,8,30,3,1,1.0
2019,8,30,4,1,1.0
2019,8,30,5,3,1.0
2019,8,30,6,8,1.0
2019,8,30,7,36,0.9444444444444444
2019,8,30,8,60,0.7833333333333333
2019,8,30,9,25,0.76
2019,8,30,10,17,0.7647058823529411
2019,8,30,11,16,0.5
2019,8,30,12,26,0.7307692307692307
2019,8,30,13,32,0.53125
2019,8,30,14,26,0.7307692307692307
2019,8,30,15,48,0.4791666666666667
2019,8,30,16,44,0.5909090909090909
2019,8,30,17,51,0.7450980392156863
2019,8,30,18,40,0.775
2019,8,30,19,27,0.7777777777777778
2019,8,30,20,8,0.5
2019,8,30,21,6,0.8333333333333334
2019,8,30,22,10,0.8
2019,8,30,23,7,0.42857142857142855
2019,8,31,0,9,0.1111111111111111
2019,8,31,1,1,1.0
2019,8,31,3,1,1.0
2019,8,31,6,2,0.5
2019,8,31,7,8,0.625
2019,8,31,8,4,0.75
2019,8,31,9,17,0.7058823529411765
2019,8,31,10,23,0.391304347826087
2019,8,31,11,26,0.38461538461538464
2019,8,31,12,34,0.4117647058823529
2019,8,31,13,46,0.32608695652173914
2019,8,31,14,38,0.5526315789473685
2019,8,31,15,38,0.39473684210526316
2019,8,31,16,33,0.3333333333333333
2019,8,31,17,40,0.3
2019,8,31,18,29,0.41379310344827586
2019,8,31,19,29,0.3793103448275862
2019,8,31,20,10,0.5
2019,8,31,21,5,0.6
2019,8,31,22,5,0.4
2019,8,31,23,5,0.4
2019,9,1,0,1,0.0
2019,9,1,1,6,0.3333333333333333
2019,9,1,4,4,0.0
2019,9,1,7,4,1.0
2019,9,1,8,8,0.75
2019,9,1,9,21,0.5238095238095238
2019,9,1,10,32,0.59375
2019,9,1,11,26,0.3076923076923077
2019,9,1,12,32,0.65625
2019,9,1,13,15,0.6666666666666666
2019,9,1,14,36,0.3333333333333333
2019,9,1,15,25,0.32
2019,9,1,16,30,0.5
2019,9,1,17,41,0.4634146341463415
2019,9,1,18,37,0.4594594594594595
2019,9,1,19,34,0.5882352941176471
2019,9,1,20,14,0.5
2019,9,1,21,12,0.5
2019,9,1,22,8,0.125
2019,9,2,0,3,0.6666666666666666
2019,9,2,5,1,0.0
2019,9,2,6,1,1.0
2019,9,2,7,6,0.8333333333333334
2019,9,2,8,13,0.6153846153846154
2019,9,2,9,19,0.42105263157894735
2019,9,2,10,18,0.6111111111111112
2019,9,2,11,1,0.0
2019,9,2,12,4,0.75
2019,9,2,13,7,1.0
2019,9,2,14,12,0.5833333333333334
2019,9,2,15,6,0.6666666666666666
2019,9,2,16,12,0.5833333333333334
2019,9,2,17,9,0.5555555555555556
2019,9,2,18,20,0.9
2019,9,2,19,21,0.5714285714285714
2019,9,2,20,9,0.6666666666666666
2019,9,2,21,10,0.9
2019,9,2,22,9,0.6666666666666666
2019,9,2,23,1,1.0
2019,9,3,5,7,1.0
2019,9,3,6,17,0.8823529411764706
2019,9,3,7,59,0.9322033898305084
2019,9,3,8,83,0.927710843373494
2019,9,3,9,37,0.9459459459459459
2019,9,3,10,27,0.7777777777777778
2019,9,3,11,19,0.5789473684210527
2019,9,3,12,14,0.42857142857142855
2019,9,3,13,7,0.7142857142857143
2019,9,3,14,14,0.8571428571428571
2019,9,3,15,17,0.7647058823529411
2019,9,3,16,39,0.6923076923076923
2019,9,3,17,57,0.8421052631578947
2019,9,3,18,71,0.8450704225352113
2019,9,3,19,52,0.8076923076923077
2019,9,3,20,18,0.8888888888888888
2019,9,3,21,12,0.8333333333333334
2019,9,3,22,10,0.9
2019,9,3,23,2,1.0
2019,9,4,0,2,1.0
2019,9,4,5,7,0.8571428571428571
2019,9,4,6,28,0.9285714285714286
2019,9,4,7,53,0.9433962264150944
2019,9,4,8,105,0.9619047619047619
2019,9,4,9,40,0.95
2019,9,4,10,13,0.7692307692307693
2019,9,4,11,15,0.6666666666666666
2019,9,4,12,11,0.8181818181818182
2019,9,4,13,16,0.5625
2019,9,4,14,9,0.8888888888888888
2019,9,4,15,18,0.6666666666666666
2019,9,4,16,27,0.8518518518518519
2019,9,4,17,58,0.8275862068965517
2019,9,4,18,59,0.8305084745762712
2019,9,4,19,37,0.8378378378378378
2019,9,4,20,26,0.7307692307692307
2019,9,4,21,15,0.8666666666666667
2019,9,4,22,7,1.0
2019,9,4,23,4,1.0
2019,9,5,0,1,1.0
2019,9,5,1,1,1.0
2019,9,5,5,9,0.8888888888888888
2019,9,5,6,18,0.9444444444444444
2019,9,5,7,56,0.9464285714285714
2019,9,5,8,83,0.927710843373494
2019,9,5,9,45,0.9555555555555556
2019,9,5,10,19,0.6842105263157895
2019,9,5,11,27,0.7037037037037037
2019,9,5,12,18,0.5555555555555556
2019,9,5,13,13,0.8461538461538461
2019,9,5,14,29,0.5517241379310345
2019,9,5,15,28,0.75
2019,9,5,16,29,0.7586206896551724
2019,9,5,17,53,0.8113207547169812
2019,9,5,18,61,0.819672131147541
2019,9,5,19,49,0.8163265306122449
2019,9,5,20,19,0.8421052631578947
2019,9,5,21,5,0.8
2019,9,5,22,3,1.0
2019,9,5,23,2,1.0
2019,9,6,4,2,1.0
2019,9,6,5,4,1.0
2019,9,6,6,20,0.85
2019,9,6,7,41,0.8536585365853658
2019,9,6,8,73,0.9452054794520548
2019,9,6,9,29,0.9310344827586207
2019,9,6,10,24,0.7916666666666666
2019,9,6,11,12,0.6666666666666666
2019,9,6,12,16,0.625
2019,9,6,13,3,1.0
2019,9,6,14,7,0.7142857142857143
2019,9,6,15,1,1.0
2019,9,6,16,7,0.42857142857142855
2019,9,6,17,7,0.8571428571428571
2019,9,6,18,23,0.8260869565217391
2019,9,6,19,11,1.0
2019,9,6,20,6,0.6666666666666666
2019,9,6,21,5,0.8
2019,9,6,22,3,1.0
2019,9,6,23,1,1.0
2019,9,7,0,1,0.0
2019,9,7,1,1,0.0
2019,9,7,5,1,1.0
2019,9,7,7,2,1.0
2019,9,7,8,13,0.7692307692307693
2019,9,7,9,26,0.6923076923076923
2019,9,7,10,33,0.5151515151515151
2019,9,7,11,34,0.4117647058823529
2019,9,7,12,44,0.4318181818181818
2019,9,7,13,47,0.46808510638297873
2019,9,7,14,38,0.5
2019,9,7,15,44,0.45454545454545453
2019,9,7,16,40,0.45
2019,9,7,17,41,0.5609756097560976
2019,9,7,18,33,0.3333333333333333
2019,9,7,19,24,0.7083333333333334
2019,9,7,20,15,0.6
2019,9,7,21,7,0.5714285714285714
2019,9,7,22,6,0.3333333333333333
2019,9,7,23,8,0.375
2019,9,8,0,2,1.0
2019,9,8,2,1,1.0
2019,9,8,4,1,0.0
2019,9,8,6,2,1.0
2019,9,8,7,3,1.0
2019,9,8,8,9,0.8888888888888888
2019,9,8,9,29,0.7586206896551724
2019,9,8,10,21,0.5238095238095238
2019,9,8,11,31,0.5161290322580645
2019,9,8,12,45,0.7111111111111111
2019,9,8,13,32,0.59375
2019,9,8,14,54,0.4444444444444444
2019,9,8,15,55,0.6363636363636364
2019,9,8,16,37,0.5405405405405406
2019,9,8,17,20,0.8
2019,9,8,18,36,0.6388888888888888
2019,9,8,19,21,0.7142857142857143
2019,9,8,20,13,0.7692307692307693
2019,9,8,21,8,0.5
2019,9,8,22,6,0.5
2019,9,8,23,2,0.5
2019,9,9,2,1,1.0
2019,9,9,5,7,1.0
2019,9,9,6,19,1.0
2019,9,9,7,67,0.8955223880597015
2019,9,9,8,107,0.9626168224299065
2019,9,9,9,55,0.8545454545454545
2019,9,9,10,24,0.7916666666666666
2019,9,9,11,9,1.0
2019,9,9,12,12,0.75
2019,9,9,13,16,0.625
2019,9,9,14,30,0.6
2019,9,9,15,21,0.6190476190476191
2019,9,9,16,29,0.7586206896551724
2019,9,9,17,69,0.782608695652174
2019,9,9,18,60,0.8833333333333333
2019,9,9,19,29,0.7931034482758621
2019,9,9,20,25,0.84
2019,9,9,21,7,1.0
2019,9,9,22,1,1.0
2019,9,9,23,1,1.0
2019,9,10,2,1,1.0
2019,9,10,5,9,0.8888888888888888
2019,9,10,6,21,1.0
2019,9,10,7,37,0.972972972972973
2019,9,10,8,75,0.96
2019,9,10,9,38,0.8421052631578947
2019,9,10,10,20,0.7
2019,9,10,11,18,0.7222222222222222
2019,9,10,12,13,0.6153846153846154
2019,9,10,13,10,0.8
2019,9,10,14,22,0.6363636363636364
2019,9,10,15,20,0.6
2019,9,10,16,31,0.5161290322580645
2019,9,10,17,66,0.8181818181818182
2019,9,10,18,66,0.8787878787878788
2019,9,10,19,36,0.7222222222222222
2019,9,10,20,37,0.918918918918919
2019,9,10,21,9,0.8888888888888888
2019,9,10,22,6,0.8333333333333334
2019,9,10,23,3,1.0
2019,9,11,1,3,0.6666666666666666
2019,9,11,2,7,0.2857142857142857
2019,9,11,5,9,0.8888888888888888
2019,9,11,6,33,0.8787878787878788
2019,9,11,7,65,0.9846153846153847
2019,9,11,8,106,0.9056603773584906
2019,9,11,9,55,0.9272727272727272
2019,9,11,10,20,0.6
2019,9,11,11,19,0.42105263157894735
2019,9,11,12,23,0.7391304347826086
2019,9,11,13,14,0.7857142857142857
2019,9,11,14,14,0.7142857142857143
2019,9,11,15,31,0.7419354838709677
2019,9,11,16,43,0.6976744186046512
2019,9,11,17,69,0.8260869565217391
2019,9,11,18,78,0.782051282051282
2019,9,11,19,58,0.6724137931034483
2019,9,11,20,41,0.7317073170731707
2019,9,11,21,26,0.5384615384615384
2019,9,11,22,14,0.42857142857142855
2019,9,11,23,7,0.5714285714285714
2019,9,12,0,3,0.3333333333333333
2019,9,12,2,2,1.0
2019,9,12,5,11,0.8181818181818182
2019,9,12,6,20,1.0
2019,9,12,7,63,0.9523809523809523
2019,9,12,8,79,0.9367088607594937
2019,9,12,9,37,0.972972972972973
2019,9,12,10,15,0.9333333333333333
2019,9,12,11,8,0.875
2019,9,12,12,22,0.6818181818181818
2019,9,12,13,7,0.8571428571428571
2019,9,12,14,9,0.8888888888888888
2019,9,12,15,13,0.6153846153846154
2019,9,12,16,27,0.8518518518518519
2019,9,12,17,58,0.9310344827586207
2019,9,12,18,25,0.88
2019,9,12,19,8,0.875
2019,9,12,20,3,1.0
2019,9,12,21,1,1.0
2019,9,12,22,2,1.0
2019,9,12,23,1,1.0
2019,9,13,0,2,1.0
2019,9,13,1,1,1.0
2019,9,13,5,3,1.0
2019,9,13,6,24,0.9166666666666666
2019,9,13,7,46,0.9130434782608695
2019,9,13,8,83,0.9759036144578314
2019,9,13,9,51,0.9215686274509803
2019,9,13,10,20,0.5
2019,9,13,11,19,0.631578947368421
2019,9,13,12,15,0.8
2019,9,13,13,13,0.6153846153846154
2019,9,13,14,36,0.6388888888888888
2019,9,13,15,31,0.6451612903225806
2019,9,13,16,45,0.7111111111111111
2019,9,13,17,72,0.7916666666666666
2019,9,13,18,53,0.7924528301886793
2019,9,13,19,31,0.6774193548387096
2019,9,13,20,15,0.8666666666666667
2019,9,13,21,15,0.7333333333333333
2019,9,13,22,7,0.7142857142857143
2019,9,13,23,3,1.0
2019,9,14,0,4,1.0
2019,9,14,5,1,1.0
2019,9,14,7,10,0.8
2019,9,14,8,14,0.6428571428571429
2019,9,14,9,27,0.6666666666666666
2019,9,14,10,24,0.6666666666666666
2019,9,14,11,42,0.5952380952380952
2019,9,14,12,40,0.475
2019,9,14,13,35,0.6285714285714286
2019,9,14,14,35,0.42857142857142855
2019,9,14,15,21,0.5238095238095238
2019,9,14,16,45,0.4888888888888889
2019,9,14,17,31,0.4838709677419355
2019,9,14,18,33,0.6363636363636364
2019,9,14,19,14,0.7857142857142857
2019,9,14,20,15,0.26666666666666666
2019,9,14,21,8,0.5
2019,9,14,22,9,0.4444444444444444
2019,9,14,23,6,0.5
2019,9,15,0,3,0.6666666666666666
2019,9,15,1,3,0.3333333333333333
2019,9,15,2,5,0.4
2019,9,15,3,2,0.0
2019,9,15,4,1,0.0
2019,9,15,6,1,1.0
2019,9,15,7,3,1.0
2019,9,15,8,11,0.7272727272727273
2019,9,15,9,29,0.6206896551724138
2019,9,15,10,49,0.3877551020408163
2019,9,15,11,27,0.5185185185185185
2019,9,15,12,39,0.5384615384615384
2019,9,15,13,47,0.5106382978723404
2019,9,15,14,37,0.6216216216216216
2019,9,15,15,47,0.48936170212765956
2019,9,15,16,45,0.5777777777777777
2019,9,15,17,35,0.6571428571428571
2019,9,15,18,58,0.6379310344827587
2019,9,15,19,24,0.6666666666666666
2019,9,15,20,12,0.75
2019,9,15,21,11,0.7272727272727273
2019,9,15,22,5,0.0
2019,9,15,23,2,0.5
2019,9,16,0,4,0.5
2019,9,16,4,1,1.0
2019,9,16,5,7,1.0
2019,9,16,6,16,0.9375
2019,9,16,7,51,0.9803921568627451
2019,9,16,8,119,0.9327731092436975
2019,9,16,9,47,0.8297872340425532
2019,9,16,10,22,0.7727272727272727
2019,9,16,11,20,0.5
2019,9,16,12,14,0.5714285714285714
2019,9,16,13,12,1.0
2019,9,16,14,32,0.625
2019,9,16,15,22,0.6818181818181818
2019,9,16,16,27,0.7777777777777778
2019,9,16,17,46,0.8913043478260869
2019,9,16,18,51,0.803921568627451
2019,9,16,19,32,0.875
2019,9,16,20,13,0.7692307692307693
2019,9,16,21,10,1.0
2019,9,16,22,8,1.0
2019,9,16,23,6,0.5
2019,9,17,5,8,0.875
2019,9,17,6,28,0.9642857142857143
2019,9,17,7,63,0.9365079365079365
2019,9,17,8,120,0.9666666666666667
2019,9,17,9,55,0.8727272727272727
2019,9,17,10,15,0.5333333333333333
2019,9,17,11,14,0.7142857142857143
2019,9,17,12,20,0.7
2019,9,17,13,13,0.5384615384615384
2019,9,17,14,28,0.6071428571428571
2019,9,17,15,35,0.7142857142857143
2019,9,17,16,43,0.7906976744186046
2019,9,17,17,65,0.8
2019,9,17,18,83,0.8674698795180723
2019,9,17,19,42,0.8333333333333334
2019,9,17,20,21,0.8571428571428571
2019,9,17,21,17,0.4117647058823529
2019,9,17,22,3,0.6666666666666666
2019,9,17,23,3,1.0
2019,9,18,1,1,0.0
2019,9,18,3,1,0.0
2019,9,18,4,1,1.0
2019,9,18,5,6,0.8333333333333334
2019,9,18,6,22,0.8636363636363636
2019,9,18,7,65,0.9846153846153847
2019,9,18,8,108,0.8796296296296297
2019,9,18,9,42,0.9285714285714286
2019,9,18,10,22,0.8181818181818182
2019,9,18,11,25,0.64
2019,9,18,12,14,0.5714285714285714
2019,9,18,13,25,0.8
2019,9,18,14,26,0.7307692307692307
2019,9,18,15,31,0.7419354838709677
2019,9,18,16,26,0.8076923076923077
2019,9,18,17,70,0.7857142857142857
2019,9,18,18,61,0.7868852459016393
2019,9,18,19,24,0.875
2019,9,18,20,25,0.88
2019,9,18,21,15,0.8666666666666667
2019,9,18,22,6,0.8333333333333334
2019,9,18,23,1,1.0
2019,9,19,0,2,1.0
2019,9,19,1,1,1.0
2019,9,19,5,5,1.0
2019,9,19,6,28,0.9285714285714286
2019,9,19,7,50,0.96
2019,9,19,8,102,0.8921568627450981
2019,9,19,9,42,0.8809523809523809
2019,9,19,10,18,0.7777777777777778
2019,9,19,11,22,0.5909090909090909
2019,9,19,12,13,0.7692307692307693
2019,9,19,13,28,0.5
2019,9,19,14,27,0.5925925925925926
2019,9,19,15,21,0.8095238095238095
2019,9,19,16,32,0.78125
2019,9,19,17,62,0.8225806451612904
2019,9,19,18,63,0.7777777777777778
2019,9,19,19,33,0.7878787878787878
2019,9,19,20,15,1.0
2019,9,19,21,4,1.0
2019,9,19,22,3,1.0
2019,9,19,23,1,1.0
2019,9,20,0,1,1.0
2019,9,20,2,1,1.0
2019,9,20,5,2,1.0
2019,9,20,6,15,0.9333333333333333
2019,9,20,7,45,1.0
2019,9,20,8,69,0.9710144927536232
2019,9,20,9,44,0.8181818181818182
2019,9,20,10,21,0.8095238095238095
2019,9,20,11,23,0.34782608695652173
2019,9,20,12,27,0.7777777777777778
2019,9,20,13,19,0.7894736842105263
2019,9,20,14,29,0.6896551724137931
2019,9,20,15,64,0.578125
2019,9,20,16,48,0.7708333333333334
2019,9,20,17,102,0.8431372549019608
2019,9,20,18,62,0.8548387096774194
2019,9,20,19,28,0.7857142857142857
2019,9,20,20,9,0.7777777777777778
2019,9,20,21,6,0.6666666666666666
2019,9,20,22,16,0.8125
2019,9,20,23,9,1.0
2019,9,21,0,3,0.6666666666666666
2019,9,21,3,3,0.6666666666666666
2019,9,21,4,2,0.0
2019,9,21,5,2,1.0
2019,9,21,6,1,1.0
2019,9,21,7,5,0.8
2019,9,21,8,23,0.6956521739130435
2019,9,21,9,21,0.7142857142857143
2019,9,21,10,29,0.4827586206896552
2019,9,21,11,48,0.375
2019,9,21,12,63,0.31746031746031744
2019,9,21,13,79,0.3037974683544304
2019,9,21,14,76,0.35526315789473684
2019,9,21,15,87,0.4482758620689655
2019,9,21,16,80,0.3125
2019,9,21,17,66,0.3181818181818182
2019,9,21,18,60,0.45
2019,9,21,19,43,0.16279069767441862
2019,9,21,20,21,0.3333333333333333
2019,9,21,21,15,0.3333333333333333
2019,9,21,22,14,0.14285714285714285
2019,9,21,23,9,0.7777777777777778
2019,9,22,0,5,0.6
2019,9,22,2,2,0.5
2019,9,22,6,1,1.0
2019,9,22,7,8,0.875
2019,9,22,8,21,0.7142857142857143
2019,9,22,9,31,0.7419354838709677
2019,9,22,10,35,0.4857142857142857
2019,9,22,11,36,0.5
2019,9,22,12,39,0.48717948717948717
2019,9,22,13,36,0.4166666666666667
2019,9,22,14,46,0.5217391304347826
2019,9,22,15,36,0.75
2019,9,22,16,61,0.5573770491803278
2019,9,22,17,41,0.43902439024390244
2019,9,22,18,57,0.6140350877192983
2019,9,22,19,28,0.4642857142857143
2019,9,22,20,11,0.9090909090909091
2019,9,22,21,9,0.6666666666666666
2019,9,22,22,15,0.4666666666666667
2019,9,22,23,2,0.0
2019,9,23,0,1,1.0
2019,9,23,5,4,1.0
2019,9,23,6,22,0.9090909090909091
2019,9,23,7,59,0.9152542372881356
2019,9,23,8,156,0.9615384615384616
2019,9,23,9,68,0.9117647058823529
2019,9,23,10,24,0.5833333333333334
2019,9,23,11,14,0.5714285714285714
2019,9,23,12,18,0.7777777777777778
2019,9,23,13,21,0.7142857142857143
2019,9,23,14,10,1.0
2019,9,23,15,25,0.6
2019,9,23,16,33,0.8181818181818182
2019,9,23,17,69,0.8115942028985508
2019,9,23,18,72,0.9027777777777778
2019,9,23,19,27,0.7777777777777778
2019,9,23,20,19,0.7894736842105263
2019,9,23,21,13,0.6153846153846154
2019,9,23,22,5,1.0
2019,9,23,23,4,0.0
2019,9,24,0,1,0.0
2019,9,24,4,1,1.0
2019,9,24,5,9,0.8888888888888888
2019,9,24,6,22,0.9090909090909091
2019,9,24,7,67,0.9701492537313433
2019,9,24,8,122,0.9262295081967213
2019,9,24,9,48,0.9583333333333334
2019,9,24,10,20,0.6
2019,9,24,11,16,0.5625
2019,9,24,12,32,0.5
2019,9,24,13,19,0.7368421052631579
2019,9,24,14,16,0.8125
2019,9,24,15,26,0.6538461538461539
2019,9,24,16,43,0.6976744186046512
2019,9,24,17,63,0.8571428571428571
2019,9,24,18,72,0.7638888888888888
2019,9,24,19,19,0.7368421052631579
2019,9,24,20,15,0.9333333333333333
2019,9,24,21,11,0.9090909090909091
2019,9,24,22,10,0.5
2019,9,24,23,4,0.5
2019,9,25,3,1,1.0
2019,9,25,5,5,1.0
2019,9,25,6,27,0.7777777777777778
2019,9,25,7,52,1.0
2019,9,25,8,145,0.9586206896551724
2019,9,25,9,49,0.9591836734693877
2019,9,25,10,18,0.8333333333333334
2019,9,25,11,14,0.5714285714285714
2019,9,25,12,11,0.7272727272727273
2019,9,25,13,24,0.7083333333333334
2019,9,25,14,19,0.8421052631578947
2019,9,25,15,16,0.875
2019,9,25,16,33,0.7575757575757576
2019,9,25,17,64,0.75
2019,9,25,18,65,0.8153846153846154
2019,9,25,19,43,0.7441860465116279
2019,9,25,20,20,0.8
2019,9,25,21,16,0.9375
2019,9,25,22,6,0.6666666666666666
2019,9,25,23,4,0.75
2019,9,26,1,1,1.0
2019,9,26,5,8,0.875
2019,9,26,6,19,0.8947368421052632
2019,9,26,7,60,0.9833333333333333
2019,9,26,8,122,0.9344262295081968
2019,9,26,9,44,0.9545454545454546
2019,9,26,10,23,0.8260869565217391
2019,9,26,11,17,0.6470588235294118
2019,9,26,12,23,0.391304347826087
2019,9,26,13,15,0.5333333333333333
2019,9,26,14,18,0.8333333333333334
2019,9,26,15,17,0.7647058823529411
2019,9,26,16,19,0.5789473684210527
2019,9,26,17,43,0.7209302325581395
2019,9,26,18,50,0.88
2019,9,26,19,25,0.96
2019,9,26,20,17,0.9411764705882353
2019,9,26,21,8,1.0
2019,9,26,22,4,1.0
2019,9,26,23,4,0.5
2019,9,27,0,1,0.0
2019,9,27,2,2,0.5
2019,9,27,5,5,0.8
2019,9,27,6,13,0.8461538461538461
2019,9,27,7,54,0.9444444444444444
2019,9,27,8,106,0.9150943396226415
2019,9,27,9,51,0.9411764705882353
2019,9,27,10,37,0.5405405405405406
2019,9,27,11,31,0.5483870967741935
2019,9,27,12,20,0.65
2019,9,27,13,18,0.3888888888888889
2019,9,27,14,44,0.4772727272727273
2019,9,27,15,52,0.46153846153846156
2019,9,27,16,49,0.6938775510204082
2019,9,27,17,58,0.8448275862068966
2019,9,27,18,54,0.9074074074074074
2019,9,27,19,30,0.7
2019,9,27,20,15,0.9333333333333333
2019,9,27,21,9,0.5555555555555556
2019,9,27,22,9,0.7777777777777778
2019,9,27,23,5,0.8
2019,9,28,0,3,1.0
2019,9,28,1,1,1.0
2019,9,28,2,3,0.6666666666666666
2019,9,28,3,1,1.0
2019,9,28,6,3,0.6666666666666666
2019,9,28,7,7,0.5714285714285714
2019,9,28,8,17,0.6470588235294118
2019,9,28,9,21,0.6190476190476191
2019,9,28,10,48,0.5416666666666666
2019,9,28,11,49,0.4489795918367347
2019,9,28,12,41,0.4634146341463415
2019,9,28,13,44,0.6136363636363636
2019,9,28,14,69,0.3333333333333333
2019,9,28,15,54,0.37037037037037035
2019,9,28,16,57,0.5789473684210527
2019,9,28,17,36,0.5277777777777778
2019,9,28,18,47,0.5957446808510638
2019,9,28,19,20,0.6
2019,9,28,20,12,0.4166666666666667
2019,9,28,21,4,1.0
2019,9,28,22,4,0.75
2019,9,28,23,3,1.0
2019,9,29,1,5,0.4
2019,9,29,2,1,0.0
2019,9,29,4,1,1.0
2019,9,29,6,1,1.0
2019,9,29,7,5,1.0
2019,9,29,8,14,0.5714285714285714
2019,9,29,9,41,0.4146341463414634
2019,9,29,10,38,0.5526315789473685
2019,9,29,11,35,0.45714285714285713
2019,9,29,12,35,0.5428571428571428
2019,9,29,13,42,0.5714285714285714
2019,9,29,14,56,0.5178571428571429
2019,9,29,15,44,0.45454545454545453
2019,9,29,16,49,0.4489795918367347
2019,9,29,17,35,0.6
2019,9,29,18,52,0.4807692307692308
2019,9,29,19,17,0.8235294117647058
2019,9,29,20,9,0.5555555555555556
2019,9,29,21,8,0.75
2019,9,29,22,6,1.0
2019,9,29,23,4,0.5
2019,9,30,5,3,1.0
2019,9,30,6,15,0.8666666666666667
2019,9,30,7,49,0.8979591836734694
2019,9,30,8,114,0.9298245614035088
2019,9,30,9,48,0.875
2019,9,30,10,18,0.8888888888888888
2019,9,30,11,14,0.5714285714285714
2019,9,30,12,9,1.0
2019,9,30,13,22,0.36363636363636365
2019,9,30,14,19,0.5263157894736842
2019,9,30,15,19,0.5263157894736842
2019,9,30,16,22,0.6363636363636364
2019,9,30,17,42,0.9047619047619048
2019,9,30,18,38,0.7894736842105263
2019,9,30,19,29,0.7241379310344828
2019,9,30,20,14,0.7857142857142857
2019,9,30,21,19,0.7894736842105263
2019,9,30,22,9,0.8888888888888888
2019,10,1,1,1,1.0
2019,10,1,3,1,1.0
2019,10,1,5,4,1.0
2019,10,1,6,21,0.9047619047619048
2019,10,1,7,56,0.9285714285714286
2019,10,1,8,97,0.9278350515463918
2019,10,1,9,58,0.9137931034482759
2019,10,1,10,19,0.8947368421052632
2019,10,1,11,22,0.45454545454545453
2019,10,1,12,15,0.8
2019,10,1,13,14,0.5714285714285714
2019,10,1,14,30,0.4
2019,10,1,15,27,0.5925925925925926
2019,10,1,16,41,0.6829268292682927
2019,10,1,17,57,0.6666666666666666
2019,10,1,18,78,0.8461538461538461
2019,10,1,19,45,0.8222222222222222
2019,10,1,20,15,0.8666666666666667
2019,10,1,21,14,0.8571428571428571
2019,10,1,22,13,0.8461538461538461
2019,10,1,23,5,0.8
2019,10,2,0,1,0.0
2019,10,2,1,4,0.0
2019,10,2,5,9,0.8888888888888888
2019,10,2,6,26,0.8461538461538461
2019,10,2,7,58,0.9655172413793104
2019,10,2,8,103,0.9514563106796117
2019,10,2,9,54,0.8703703703703703
2019,10,2,10,16,0.75
2019,10,2,11,10,0.7
2019,10,2,12,16,0.75
2019,10,2,13,18,0.5
2019,10,2,14,26,0.8076923076923077
2019,10,2,15,19,0.631578947368421
2019,10,2,16,36,0.5555555555555556
2019,10,2,17,47,0.7659574468085106
2019,10,2,18,18,0.8333333333333334
2019,10,2,19,15,1.0
2019,10,2,20,13,0.9230769230769231
2019,10,2,21,5,0.8
2019,10,2,22,12,0.6666666666666666
2019,10,2,23,1,1.0
2019,10,3,2,1,1.0
2019,10,3,5,2,1.0
2019,10,3,6,4,1.0
2019,10,3,7,15,0.9333333333333333
2019,10,3,8,18,1.0
2019,10,3,9,8,1.0
2019,10,3,10,2,1.0
2019,10,3,11,2,0.0
2019,10,3,12,4,0.75
2019,10,3,13,7,0.8571428571428571
2019,10,3,14,6,0.6666666666666666
2019,10,3,15,9,0.6666666666666666
2019,10,3,16,9,0.8888888888888888
2019,10,3,17,16,1.0
2019,10,3,18,20,0.9
2019,10,3,19,12,0.75
2019,10,3,20,5,1.0
2019,10,3,21,7,0.7142857142857143
2019,10,3,22,1,1.0
2019,10,4,5,2,1.0
2019,10,4,6,20,0.9
2019,10,4,7,46,0.9130434782608695
2019,10,4,8,100,0.93
2019,10,4,9,56,0.8928571428571429
2019,10,4,10,12,0.5833333333333334
2019,10,4,11,14,0.6428571428571429
2019,10,4,12,21,0.6190476190476191
2019,10,4,13,14,0.8571428571428571
2019,10,4,14,35,0.6857142857142857
2019,10,4,15,32,0.59375
2019,10,4,16,28,0.7142857142857143
2019,10,4,17,52,0.8269230769230769
2019,10,4,18,39,0.8461538461538461
2019,10,4,19,19,0.8947368421052632
2019,10,4,20,7,0.8571428571428571
2019,10,4,21,3,1.0
2019,10,4,22,2,1.0
2019,10,4,23,2,1.0
2019,10,5,0,7,1.0
2019,10,5,1,4,0.75
2019,10,5,2,1,1.0
2019,10,5,5,1,1.0
2019,10,5,6,1,1.0
2019,10,5,7,1,1.0
2019,10,5,8,9,0.7777777777777778
2019,10,5,9,20,0.8
2019,10,5,10,21,0.6666666666666666
2019,10,5,11,28,0.4642857142857143
2019,10,5,12,29,0.41379310344827586
2019,10,5,13,37,0.40540540540540543
2019,10,5,14,40,0.425
2019,10,5,15,55,0.5818181818181818
2019,10,5,16,37,0.6216216216216216
2019,10,5,17,32,0.5625
2019,10,5,18,15,0.8666666666666667
2019,10,5,19,11,0.7272727272727273
2019,10,5,20,8,0.5
2019,10,5,21,1,1.0
2019,10,5,22,17,0.8823529411764706
2019,10,5,23,1,1.0
2019,10,6,0,1,1.0
2019,10,6,1,2,1.0
2019,10,6,2,2,0.5
2019,10,6,3,1,1.0
2019,10,6,7,1,1.0
2019,10,6,8,8,0.75
2019,10,6,9,20,0.7
2019,10,6,10,20,0.55
2019,10,6,11,18,0.3888888888888889
2019,10,6,12,35,0.5428571428571428
2019,10,6,13,26,0.6153846153846154
2019,10,6,14,22,0.5454545454545454
2019,10,6,15,20,0.85
2019,10,6,16,33,0.5454545454545454
2019,10,6,17,24,0.75
2019,10,6,18,11,0.5454545454545454
2019,10,6,19,10,0.8
2019,10,6,20,4,1.0
2019,10,6,21,2,1.0
2019,10,6,22,3,0.3333333333333333
2019,10,6,23,2,1.0
2019,10,7,5,7,1.0
2019,10,7,6,19,1.0
2019,10,7,7,60,0.9333333333333333
2019,10,7,8,103,0.9223300970873787
2019,10,7,9,49,1.0
2019,10,7,10,27,0.8148148148148148
2019,10,7,11,14,0.8571428571428571
2019,10,7,12,14,0.7857142857142857
2019,10,7,13,9,0.8888888888888888
2019,10,7,14,12,0.75
2019,10,7,15,26,0.8076923076923077
2019,10,7,16,31,0.7096774193548387
2019,10,7,17,53,0.8679245283018868
2019,10,7,18,48,0.9166666666666666
2019,10,7,19,24,0.9166666666666666
2019,10,7,20,4,1.0
2019,10,7,21,3,1.0
2019,10,7,22,6,1.0
2019,10,8,0,1,0.0
2019,10,8,5,9,1.0
2019,10,8,6,11,1.0
2019,10,8,7,37,1.0
2019,10,8,8,75,0.9466666666666667
2019,10,8,9,33,0.9696969696969697
2019,10,8,10,11,0.9090909090909091
2019,10,8,11,10,0.6
2019,10,8,12,11,0.9090909090909091
2019,10,8,13,8,1.0
2019,10,8,14,26,0.6923076923076923
2019,10,8,15,25,0.84
2019,10,8,16,35,0.7428571428571429
2019,10,8,17,49,0.8571428571428571
2019,10,8,18,55,0.8727272727272727
2019,10,8,19,17,0.9411764705882353
2019,10,8,20,17,0.8823529411764706
2019,10,8,21,11,0.9090909090909091
2019,10,8,22,10,0.5
2019,10,8,23,2,1.0
2019,10,9,0,1,1.0
2019,10,9,5,8,1.0
2019,10,9,6,19,0.8947368421052632
2019,10,9,7,37,0.918918918918919
2019,10,9,8,71,0.9436619718309859
2019,10,9,9,25,0.84
2019,10,9,10,1,1.0
2019,10,9,12,3,0.3333333333333333
2019,10,9,13,4,1.0
2019,10,9,14,2,1.0
2019,10,9,15,10,0.9
2019,10,9,16,3,1.0
2019,10,9,17,22,0.9545454545454546
2019,10,9,18,22,1.0
2019,10,9,19,17,0.8823529411764706
2019,10,9,20,15,0.8
2019,10,9,21,8,0.875
2019,10,9,22,2,1.0
2019,10,9,23,2,1.0
2019,10,10,5,8,1.0
2019,10,10,6,14,0.9285714285714286
2019,10,10,7,43,1.0
2019,10,10,8,96,0.9479166666666666
2019,10,10,9,44,0.9318181818181818
2019,10,10,10,23,0.782608695652174
2019,10,10,11,12,0.3333333333333333
2019,10,10,12,15,0.6
2019,10,10,13,13,0.46153846153846156
2019,10,10,14,25,0.76
2019,10,10,15,19,0.7368421052631579
2019,10,10,16,21,0.7142857142857143
2019,10,10,17,53,0.7735849056603774
2019,10,10,18,49,0.9591836734693877
2019,10,10,19,21,0.7142857142857143
2019,10,10,20,13,0.8461538461538461
2019,10,10,21,8,0.875
2019,10,10,22,3,1.0
2019,10,10,23,1,1.0
2019,10,11,5,3,0.6666666666666666
2019,10,11,6,10,1.0
2019,10,11,7,44,0.9318181818181818
2019,10,11,8,85,0.9058823529411765
2019,10,11,9,47,0.8723404255319149
2019,10,11,10,18,0.7222222222222222
2019,10,11,11,19,0.631578947368421
2019,10,11,12,12,0.9166666666666666
2019,10,11,13,19,0.7368421052631579
2019,10,11,14,17,0.9411764705882353
2019,10,11,15,30,0.5666666666666667
2019,10,11,16,36,0.6944444444444444
2019,10,11,17,59,0.7627118644067796
2019,10,11,18,38,0.868421052631579
2019,10,11,19,16,0.4375
2019,10,11,20,10,0.6
2019,10,11,21,10,0.7
2019,10,11,22,9,0.7777777777777778
2019,10,11,23,1,1.0
2019,10,12,1,2,0.0
2019,10,12,3,2,0.5
2019,10,12,5,1,1.0
2019,10,12,6,1,1.0
2019,10,12,7,3,1.0
2019,10,12,8,9,0.8888888888888888
2019,10,12,9,18,0.6666666666666666
2019,10,12,10,15,0.6
2019,10,12,11,28,0.5
2019,10,12,12,30,0.7333333333333333
2019,10,12,13,47,0.5106382978723404
2019,10,12,14,29,0.4482758620689655
2019,10,12,15,46,0.45652173913043476
2019,10,12,16,38,0.2894736842105263
2019,10,12,17,36,0.4722222222222222
2019,10,12,18,20,0.7
2019,10,12,19,7,0.8571428571428571
2019,10,12,20,9,0.6666666666666666
2019,10,12,21,7,0.2857142857142857
2019,10,12,22,5,0.8
2019,10,12,23,2,1.0
2019,10,13,0,5,0.8
2019,10,13,1,2,1.0
2019,10,13,6,1,1.0
2019,10,13,7,9,1.0
2019,10,13,8,14,0.5
2019,10,13,9,23,0.7391304347826086
2019,10,13,10,33,0.45454545454545453
2019,10,13,11,34,0.38235294117647056
2019,10,13,12,36,0.5
2019,10,13,13,37,0.5675675675675675
2019,10,13,14,50,0.36
2019,10,13,15,48,0.5416666666666666
2019,10,13,16,35,0.6571428571428571
2019,10,13,17,46,0.5217391304347826
2019,10,13,18,17,0.8235294117647058
2019,10,13,19,9,0.3333333333333333
2019,10,13,20,9,0.5555555555555556
2019,10,13,21,4,1.0
2019,10,13,22,8,0.375
2019,10,13,23,4,0.75
2019,10,14,5,2,1.0
2019,10,14,6,7,1.0
2019,10,14,7,32,0.9375
2019,10,14,8,93,0.9247311827956989
2019,10,14,9,41,0.9024390243902439
2019,10,14,10,19,0.631578947368421
2019,10,14,11,20,0.2
2019,10,14,12,18,0.3333333333333333
2019,10,14,13,34,0.4411764705882353
2019,10,14,14,21,0.5238095238095238
2019,10,14,15,45,0.6888888888888889
2019,10,14,16,55,0.6
2019,10,14,17,65,0.5692307692307692
2019,10,14,18,56,0.8571428571428571
2019,10,14,19,30,0.7333333333333333
2019,10,14,20,9,0.8888888888888888
2019,10,14,21,11,0.7272727272727273
2019,10,14,22,1,1.0
2019,10,14,23,1,1.0
2019,10,15,0,4,0.25
2019,10,15,5,7,1.0
2019,10,15,6,10,1.0
2019,10,15,7,54,0.9629629629629629
2019,10,15,8,101,0.9405940594059405
2019,10,15,9,64,0.796875
2019,10,15,10,24,0.6666666666666666
2019,10,15,11,20,0.5
2019,10,15,12,15,0.8666666666666667
2019,10,15,13,20,0.45
2019,10,15,14,24,0.625
2019,10,15,15,29,0.7586206896551724
2019,10,15,16,49,0.6326530612244898
2019,10,15,17,54,0.8518518518518519
2019,10,15,18,55,0.9454545454545454
2019,10,15,19,22,0.9545454545454546
2019,10,15,20,24,0.7916666666666666
2019,10,15,21,4,1.0
2019,10,15,22,3,1.0
2019,10,15,23,3,0.3333333333333333
2019,10,16,1,1,1.0
2019,10,16,2,1,1.0
2019,10,16,4,1,1.0
2019,10,16,5,8,1.0
2019,10,16,6,17,0.8235294117647058
2019,10,16,7,63,0.873015873015873
2019,10,16,8,94,0.9680851063829787
2019,10,16,9,63,0.9523809523809523
2019,10,16,10,17,1.0
2019,10,16,11,15,0.8666666666666667
2019,10,16,12,10,0.7
2019,10,16,13,13,0.5384615384615384
2019,10,16,14,7,0.8571428571428571
2019,10,16,15,1,1.0
2019,10,16,16,9,0.8888888888888888
2019,10,16,17,5,1.0
2019,10,16,18,2,1.0
2019,10,16,20,1,1.0
2019,10,16,21,2,1.0
2019,10,16,23,1,1.0
2019,10,17,0,2,1.0
2019,10,17,5,6,1.0
2019,10,17,6,2,1.0
2019,10,17,7,39,0.9743589743589743
2019,10,17,8,85,0.9411764705882353
2019,10,17,9,30,0.8333333333333334
2019,10,17,10,7,0.8571428571428571
2019,10,17,11,5,1.0
2019,10,17,12,8,0.75
2019,10,17,13,5,1.0
2019,10,17,14,10,0.6
2019,10,17,15,8,0.875
2019,10,17,16,17,0.7647058823529411
2019,10,17,17,38,0.9210526315789473
2019,10,17,18,29,0.9655172413793104
2019,10,17,19,15,0.7333333333333333
2019,10,17,20,11,0.9090909090909091
2019,10,17,21,4,1.0
2019,10,17,22,4,1.0
2019,10,17,23,6,0.6666666666666666
2019,10,18,5,8,1.0
2019,10,18,6,4,1.0
2019,10,18,7,43,0.9767441860465116
2019,10,18,8,79,0.9620253164556962
2019,10,18,9,30,0.9
2019,10,18,10,12,0.6666666666666666
2019,10,18,11,16,0.5
2019,10,18,12,11,0.45454545454545453
2019,10,18,13,10,0.5
2019,10,18,14,21,0.6666666666666666
2019,10,18,15,18,0.7222222222222222
2019,10,18,16,19,0.6842105263157895
2019,10,18,17,32,0.9375
2019,10,18,18,31,0.967741935483871
2019,10,18,19,13,1.0
2019,10,18,20,9,0.7777777777777778
2019,10,18,21,1,1.0
2019,10,18,22,1,1.0
2019,10,18,23,2,1.0
2019,10,19,0,1,0.0
2019,10,19,1,2,1.0
2019,10,19,2,1,1.0
2019,10,19,4,2,1.0
2019,10,19,5,1,1.0
2019,10,19,7,4,0.75
2019,10,19,8,9,0.8888888888888888
2019,10,19,9,13,0.6153846153846154
2019,10,19,10,20,0.65
2019,10,19,11,29,0.5862068965517241
2019,10,19,12,29,0.2413793103448276
2019,10,19,13,43,0.5813953488372093
2019,10,19,14,31,0.45161290322580644
2019,10,19,15,31,0.45161290322580644
2019,10,19,16,22,0.5454545454545454
2019,10,19,17,33,0.45454545454545453
2019,10,19,18,19,0.6842105263157895
2019,10,19,19,13,0.5384615384615384
2019,10,19,20,5,1.0
2019,10,19,21,2,1.0
2019,10,19,22,2,0.0
2019,10,19,23,4,1.0
2019,10,20,0,2,1.0
2019,10,20,2,1,0.0
2019,10,20,6,1,0.0
2019,10,20,7,2,1.0
2019,10,20,8,4,1.0
2019,10,20,9,18,0.7777777777777778
2019,10,20,10,20,0.7
2019,10,20,11,20,0.65
2019,10,20,12,21,0.5714285714285714
2019,10,20,13,3,0.6666666666666666
2019,10,20,14,4,0.75
2019,10,20,15,2,1.0
2019,10,20,16,1,1.0
2019,10,20,17,3,0.6666666666666666
2019,10,20,18,1,1.0
2019,10,20,19,4,1.0
2019,10,20,20,1,1.0
2019,10,20,21,2,1.0
2019,10,20,23,1,1.0
2019,10,21,3,1,1.0
2019,10,21,4,1,1.0
2019,10,21,5,5,1.0
2019,10,21,6,13,1.0
2019,10,21,7,46,0.9565217391304348
2019,10,21,8,112,0.9553571428571429
2019,10,21,9,49,0.8163265306122449
2019,10,21,10,5,0.8
2019,10,21,11,12,0.6666666666666666
2019,10,21,12,22,0.5454545454545454
2019,10,21,13,7,1.0
2019,10,21,14,21,0.47619047619047616
2019,10,21,15,30,0.5
2019,10,21,16,39,0.6410256410256411
2019,10,21,17,52,0.7884615384615384
2019,10,21,18,44,0.9318181818181818
2019,10,21,19,27,0.8148148148148148
2019,10,21,20,17,0.9411764705882353
2019,10,21,21,12,0.8333333333333334
2019,10,21,22,1,1.0
2019,10,22,5,7,1.0
2019,10,22,6,16,0.9375
2019,10,22,7,47,1.0
2019,10,22,8,91,0.978021978021978
2019,10,22,9,41,0.926829268292683
2019,10,22,10,9,0.8888888888888888
2019,10,22,11,11,0.7272727272727273
2019,10,22,12,15,0.8
2019,10,22,13,8,0.625
2019,10,22,14,7,0.7142857142857143
2019,10,22,15,16,1.0
2019,10,22,16,9,1.0
2019,10,22,17,14,0.9285714285714286
2019,10,22,18,22,0.9090909090909091
2019,10,22,19,7,1.0
2019,10,22,20,1,1.0
2019,10,22,21,4,0.75
2019,10,22,22,2,1.0
2019,10,22,23,1,1.0
2019,10,23,0,1,1.0
2019,10,23,4,1,1.0
2019,10,23,5,5,1.0
2019,10,23,6,15,0.8
2019,10,23,7,55,0.9272727272727272
2019,10,23,8,126,0.9285714285714286
2019,10,23,9,59,0.8983050847457628
2019,10,23,10,16,0.9375
2019,10,23,11,15,0.4
2019,10,23,12,12,0.8333333333333334
2019,10,23,13,18,0.6111111111111112
2019,10,23,14,19,0.6842105263157895
2019,10,23,15,30,0.5333333333333333
2019,10,23,16,29,0.7241379310344828
2019,10,23,17,49,0.8775510204081632
2019,10,23,18,37,0.9459459459459459
2019,10,23,19,25,0.88
2019,10,23,20,16,0.75
2019,10,23,21,6,0.5
2019,10,23,22,2,1.0
2019,10,24,1,1,1.0
2019,10,24,5,4,1.0
2019,10,24,6,17,0.8235294117647058
2019,10,24,7,46,1.0
2019,10,24,8,106,0.9528301886792453
2019,10,24,9,36,1.0
2019,10,24,10,19,0.631578947368421
2019,10,24,11,17,0.7058823529411765
2019,10,24,12,23,0.5652173913043478
2019,10,24,13,16,0.625
2019,10,24,14,21,0.6190476190476191
2019,10,24,15,29,0.5862068965517241
2019,10,24,16,35,0.7428571428571429
2019,10,24,17,76,0.8421052631578947
2019,10,24,18,38,0.8157894736842105
2019,10,24,19,19,0.8421052631578947
2019,10,24,20,13,0.8461538461538461
2019,10,24,21,9,1.0
2019,10,24,22,6,0.8333333333333334
2019,10,24,23,2,0.5
2019,10,25,0,2,1.0
2019,10,25,5,2,1.0
2019,10,25,6,8,0.875
2019,10,25,7,43,0.9767441860465116
2019,10,25,8,91,0.9560439560439561
2019,10,25,9,42,0.9523809523809523
2019,10,25,10,23,0.782608695652174
2019,10,25,11,12,0.6666666666666666
2019,10,25,12,25,0.96
2019,10,25,13,16,0.75
2019,10,25,14,28,0.75
2019,10,25,15,18,0.5555555555555556
2019,10,25,16,31,0.6451612903225806
2019,10,25,17,44,0.7727272727272727
2019,10,25,18,33,0.8787878787878788
2019,10,25,19,12,0.9166666666666666
2019,10,25,21,2,1.0
2019,10,25,22,9,1.0
2019,10,25,23,4,1.0
2019,10,26,0,2,0.5
2019,10,26,1,3,0.3333333333333333
2019,10,26,2,1,1.0
2019,10,26,5,1,1.0
2019,10,26,6,3,0.6666666666666666
2019,10,26,7,6,1.0
2019,10,26,8,11,0.7272727272727273
2019,10,26,9,23,0.8260869565217391
2019,10,26,10,16,0.75
2019,10,26,11,36,0.5277777777777778
2019,10,26,12,37,0.6486486486486487
2019,10,26,13,51,0.47058823529411764
2019,10,26,14,36,0.5
2019,10,26,15,31,0.5161290322580645
2019,10,26,16,21,0.7142857142857143
2019,10,26,17,20,0.7
2019,10,26,18,18,0.7222222222222222
2019,10,26,19,12,0.25
2019,10,26,20,4,1.0
2019,10,26,21,4,1.0
2019,10,26,22,5,1.0
2019,10,26,23,3,1.0
2019,10,27,1,2,0.5
2019,10,27,2,1,1.0
2019,10,27,9,1,1.0
2019,10,27,10,1,1.0
2019,10,27,11,1,1.0
2019,10,27,12,1,0.0
2019,10,27,13,1,1.0
2019,10,27,14,4,1.0
2019,10,27,15,12,0.6666666666666666
2019,10,27,16,13,0.5384615384615384
2019,10,27,17,12,0.8333333333333334
2019,10,27,18,9,0.7777777777777778
2019,10,27,19,5,1.0
2019,10,27,20,5,1.0
2019,10,27,21,1,1.0
2019,10,27,23,2,1.0
2019,10,28,5,3,1.0
2019,10,28,6,14,1.0
2019,10,28,7,36,0.9444444444444444
2019,10,28,8,140,0.9642857142857143
2019,10,28,9,74,0.9594594594594594
2019,10,28,10,26,0.5769230769230769
2019,10,28,11,11,0.36363636363636365
2019,10,28,12,8,0.625
2019,10,28,13,8,0.625
2019,10,28,14,19,0.5263157894736842
2019,10,28,15,27,0.7037037037037037
2019,10,28,16,19,0.7894736842105263
2019,10,28,17,48,0.875
2019,10,28,18,36,0.8888888888888888
2019,10,28,19,21,0.9047619047619048
2019,10,28,20,18,0.7222222222222222
2019,10,28,21,7,1.0
2019,10,28,22,5,1.0
2019,10,28,23,1,1.0
2019,10,29,5,8,1.0
2019,10,29,6,15,0.8666666666666667
2019,10,29,7,41,1.0
2019,10,29,8,70,0.9571428571428572
2019,10,29,9,43,0.8604651162790697
2019,10,29,10,7,0.7142857142857143
2019,10,29,11,10,0.6
2019,10,29,12,4,0.75
2019,10,29,13,4,1.0
2019,10,29,14,5,0.8
2019,10,29,15,14,0.7857142857142857
2019,10,29,16,7,1.0
2019,10,29,17,26,0.9230769230769231
2019,10,29,18,15,0.9333333333333333
2019,10,29,19,10,0.9
2019,10,29,20,6,1.0
2019,10,29,21,8,0.75
2019,10,29,22,5,0.8
2019,10,29,23,2,1.0
2019,10,30,5,7,1.0
2019,10,30,6,19,0.7894736842105263
2019,10,30,7,27,1.0
2019,10,30,8,81,0.9629629629629629
2019,10,30,9,50,0.84
2019,10,30,10,12,1.0
2019,10,30,11,7,0.7142857142857143
2019,10,30,12,4,0.75
2019,10,30,13,10,0.8
2019,10,30,14,10,0.8
2019,10,30,15,12,0.8333333333333334
2019,10,30,16,17,0.7647058823529411
2019,10,30,17,35,0.9714285714285714
2019,10,30,18,34,0.9411764705882353
2019,10,30,19,21,0.8571428571428571
2019,10,30,20,7,1.0
2019,10,30,21,7,0.8571428571428571
2019,10,30,22,3,1.0
2019,10,30,23,2,1.0
2019,10,31,4,1,1.0
2019,10,31,5,1,1.0
2019,10,31,6,3,0.6666666666666666
2019,10,31,7,22,1.0
2019,10,31,8,31,0.967741935483871
2019,10,31,9,8,0.875
2019,10,31,10,10,0.7
2019,10,31,11,4,0.75
2019,10,31,12,5,1.0
2019,10,31,13,4,0.75
2019,10,31,14,9,0.8888888888888888
2019,10,31,15,17,0.7647058823529411
2019,10,31,16,14,0.8571428571428571
2019,10,31,17,23,1.0
2019,10,31,18,7,0.8571428571428571
2019,10,31,19,6,1.0
2019,10,31,20,14,0.9285714285714286
2019,10,31,21,5,1.0
2019,10,31,22,2,0.5
